x,y
16.245993,3.6663299
16.255117,3.6437464
16.22496,3.5365782
16.24537,3.5879002
16.11385,3.4534178
16.238228,3.874788
16.133795,3.6453109
9.851025,10.840401
10.09505,11.590659
15.876332,3.2427373
16.191772,3.894682
-2.5053189,3.8079665
8.771862,6.421885
8.2310915,6.456396
16.190613,3.6157153
16.21843,3.6639802
16.25487,3.698429
8.751944,6.418443
16.128376,3.5839221
8.806301,6.4242926
16.157272,3.6360934
16.164433,3.6404035
16.245935,3.8089304
16.26532,3.761415
16.231897,3.707442
16.097986,3.9299848
13.171602,2.185893
4.1655636,9.062888
15.705963,3.1323698
15.557418,3.0260124
16.168247,3.853788
10.155037,11.669176
10.113611,11.631326
8.87332,6.3643517
15.909486,4.8296537
8.339706,6.755195
9.318206,9.165809
16.128683,4.3453116
-1.1719599,6.592949
16.250277,3.7072024
15.676345,3.7747004
8.849473,6.350562
-2.492034,3.8214197
15.989236,3.6516292
16.200935,3.9575117
8.3896,6.726298
14.755917,3.8155563
12.897925,2.52657
16.1526,3.7668142
8.679439,6.3721585
8.421807,6.753833
8.763671,6.3637238
16.25477,3.7438588
16.154808,3.9142163
15.925452,3.7822368
16.133595,3.7195256
13.206523,2.1899617
15.7189245,3.7971
15.8810625,3.92344
15.403719,3.8321285
15.983725,3.8689842
16.0065,3.950893
16.054113,3.7324624
16.048927,3.6310802
8.711278,6.390645
-2.5000036,3.813246
9.95032,11.058157
15.575468,3.0265691
14.202798,5.3352656
8.736813,6.388118
15.597308,3.9619122
16.239927,3.762496
-2.5020633,3.8111787
13.748438,5.3289094
15.635666,4.0224032
8.719243,6.372695
16.073067,3.9802935
16.017214,3.9386861
12.914462,2.4136293
15.557671,3.1104984
15.548145,3.1335144
8.722056,6.372633
8.863156,6.2637777
15.509375,3.1241424
4.050408,8.764377
15.606566,3.1230018
13.034295,2.3531303
15.339808,3.250498
4.0720983,8.041144
8.687382,6.358344
16.158007,3.966995
15.6342125,4.355379
8.254014,6.073535
13.129577,2.2109592
8.554867,6.264972
15.738383,3.188365
15.871829,3.8477097
13.055596,2.221349
15.761575,3.8125062
15.673612,3.6684878
15.578992,3.0904434
8.394612,6.0685577
8.589462,6.2184577
16.001783,3.6815112
13.18002,2.1680713
16.084595,4.3679657
15.518076,3.903168
15.309189,4.06485
4.706019,4.7842155
15.64311,3.961768
9.792581,10.805597
7.2705274,6.161254
16.1067,3.9693336
15.27993,4.1240582
9.673245,10.655132
15.48,4.2860923
4.4083486,5.3144236
14.945318,3.4027245
15.97485,3.9024494
15.159331,4.7462015
7.39904,6.0806193
15.513938,3.9902842
7.1791635,6.1394477
15.174404,3.8743696
8.870571,6.1378884
15.547588,3.0542088
15.902879,4.683859
9.303828,9.126879
4.165127,9.060542
8.472555,6.9107966
15.657506,3.8244982
15.664372,3.8362694
15.118586,4.112801
13.799495,5.2634735
12.555214,3.9121785
15.290266,4.004641
14.50016,5.497911
-1.1866341,6.592459
13.400528,2.1281235
8.035802,6.356482
4.6609683,4.4516597
13.090956,2.24068
15.252706,4.104573
15.513553,4.0382285
16.0353,4.519443
9.933146,11.523653
4.765002,5.159435
4.1835265,4.9420276
9.64732,11.115535
15.726561,3.6973588
4.8595514,5.2495627
15.051164,4.9181128
15.323976,3.9224656
9.287443,9.120527
4.598974,8.288976
15.218942,3.975388
10.07755,11.597852
4.925257,5.3803062
14.414573,4.0753193
8.44123,6.4455705
15.928104,4.822723
10.115559,11.641647
15.185379,3.189029
7.919494,6.2577243
15.969484,4.7552733
4.061272,8.762954
14.78499,3.9944017
7.976579,6.0148025
9.943661,11.4536
13.410186,2.350036
15.272877,4.0783157
8.121866,2.6451845
13.404268,2.1563957
15.85095,4.6362653
15.751702,3.9296196
15.272236,3.8418176
15.5769,4.012406
8.989973,4.107113
10.100329,11.62417
4.5498734,4.592972
9.327641,9.565061
13.460943,2.411411
9.5325165,10.558358
13.195771,2.2077122
15.501485,3.9392784
7.2252917,6.113508
8.711883,6.348781
4.6051955,5.0056367
10.0983715,11.627298
5.2025366,5.491886
15.436362,3.0582986
14.643613,3.914996
14.660057,3.913496
4.1417975,9.034774
15.371598,3.580543
-1.3534217,5.0366178
8.759607,6.409113
9.766954,10.996712
9.718649,10.644928
10.122734,11.638715
15.488989,3.5018148
7.9148717,5.9264197
12.982359,2.3073099
15.392395,3.1741598
15.234753,4.0648127
15.3790865,3.3824813
15.357979,3.477868
8.653249,6.355396
15.681657,4.1733446
9.700092,10.695791
-1.172661,6.61634
4.8868966,5.0185046
9.992356,11.493557
15.601265,4.0951624
15.599254,4.968746
15.004319,4.264295
15.623584,4.519872
4.0425177,4.398677
15.589527,3.8393638
13.328695,2.2193117
15.413316,3.7903783
15.301633,4.031665
15.477533,3.1093915
-1.2306536,6.66581
13.609974,5.0035686
8.566658,6.132065
4.6047792,4.814092
9.469947,10.301246
8.633958,6.232396
12.886923,2.4429607
4.6922097,4.824218
9.723559,10.755706
4.607838,4.8321877
15.212215,4.507537
15.280186,3.5138533
15.573614,3.6897576
15.541075,3.127124
13.209137,2.2814128
13.103411,2.267026
4.2638025,9.009497
4.1592693,7.5589833
15.306367,3.7673757
9.379482,9.933847
4.692017,4.6973305
8.674296,6.3788815
12.9675045,2.6198072
15.469762,3.071988
9.971125,11.553396
15.9820385,4.6725745
8.59374,6.220076
14.630583,3.6971865
15.128237,4.0080104
8.64628,6.32458
15.235886,3.3832612
15.608448,3.9487288
4.844561,5.5420814
4.475086,8.088218
6.876555,5.2847996
8.901003,9.038295
8.513217,6.014394
9.992277,11.53669
4.585277,4.7929807
10.001488,11.486275
15.254909,3.2268343
8.146574,6.264572
15.175736,3.8400917
4.780396,4.6996684
4.269557,8.8142
4.734307,7.783505
15.293762,3.8007727
7.922671,5.772135
-1.0386447,6.523609
9.733201,11.239252
4.687988,4.69033
4.0409026,8.460071
4.2408314,9.050119
9.6144285,10.867001
9.884873,11.442571
10.04169,11.536066
8.512774,6.106892
8.8094015,6.17601
15.354262,4.764323
4.1232624,9.032266
15.157288,3.9221554
15.423885,3.8681374
9.231244,8.951588
9.979754,11.4295
8.680228,6.284063
15.109144,4.334959
4.6063166,4.923365
9.615856,11.166527
5.050626,5.1201205
12.883394,2.475211
15.572638,4.562443
9.174507,9.317258
4.7850256,5.130788
15.22551,4.02843
8.559962,5.8878098
15.572559,4.533436
4.7174873,5.121818
4.6264477,4.827198
8.072363,6.195571
-2.0188866,4.2893047
14.172653,3.8455446
15.465517,4.0430436
4.518725,4.0738325
10.07,11.585852
4.242597,5.0286665
12.785781,2.9788089
15.443673,3.2000484
8.610235,6.1528597
14.920873,3.535222
8.88765,6.069781
-2.313768,4.0046926
15.886989,4.851007
10.018757,11.540957
15.237788,3.5398853
15.41309,4.5948358
5.1071963,5.5074453
-2.4680295,3.8459725
15.630658,4.4896827
9.868362,10.437141
15.42853,5.0341296
8.248232,6.439463
15.136235,4.156985
4.177645,9.058511
7.2235813,6.086774
4.956609,5.1610036
4.8460927,5.3511486
15.253656,4.0860467
4.4097657,5.0265293
4.7441244,4.93116
7.263167,6.0799065
15.179972,4.2342167
15.345272,3.5400865
9.551594,10.688107
13.409875,2.157495
15.550445,4.403129
-0.9969646,6.495998
9.905682,11.451927
15.764765,4.0823407
9.847783,11.368919
14.8000145,3.0558465
15.724624,4.563958
4.3582516,4.5007415
15.234167,3.684871
4.017731,4.423549
8.537139,6.122087
5.076401,5.572501
4.9136534,4.814222
8.655604,6.135408
9.634969,11.151916
15.37071,3.0887463
15.115385,3.990336
9.540309,10.427417
9.621398,11.006412
14.728819,4.108592
15.527478,3.963248
-1.0831814,6.538403
10.075301,11.600422
9.672989,11.110378
7.7857304,5.924625
6.4455943,7.5271907
8.613675,6.277969
8.810149,8.674068
6.269374,4.5425963
6.5936165,7.8769093
9.84148,11.364619
13.715527,3.7594388
15.120751,3.8613374
14.114218,4.140808
15.338345,3.5433652
9.725641,10.323775
4.7548203,8.147523
9.549566,10.817973
8.512606,6.063478
15.199336,3.94881
-2.4795802,3.8347912
8.533057,6.1179285
8.616504,6.0390496
15.131781,4.105285
15.446137,5.187677
14.307268,4.0699615
15.053153,3.8592713
8.531587,6.0532527
12.877399,2.473551
-1.1917095,6.6408463
9.927646,11.455082
9.655486,10.888822
9.756528,10.95366
7.8061147,5.7555356
14.611296,3.9825914
15.92998,4.8224745
8.347253,5.7956853
13.939285,3.7893145
8.188927,5.840553
4.6510596,5.1424417
15.162328,3.9456496
7.058582,5.207495
15.154447,4.2042503
15.034868,4.0097556
8.3139715,5.8642745
13.075543,2.2713523
15.396583,3.8166556
14.613956,5.4131026
15.576465,4.455636
4.699314,5.128105
15.755344,4.7768693
-2.1403146,4.170228
4.4371047,3.6858585
15.274731,3.1863496
4.5285354,4.005606
15.249123,3.2458136
14.548152,4.0280886
8.350406,6.0001364
6.4974184,7.8023415
14.655362,4.129426
4.7457743,5.0154386
8.65551,6.0276685
9.9457035,11.482894
9.359495,10.618652
8.633192,6.113368
15.247613,3.638991
9.623367,10.994226
5.3714266,5.346156
4.8861747,4.9859347
8.97462,8.989775
8.606467,6.2558384
13.508133,4.9726043
13.427872,4.979466
15.260319,3.9626617
8.0880165,6.202812
14.784514,3.9565065
9.2122965,9.160125
-2.478467,3.8359253
14.773591,3.90104
8.408433,5.8591
15.179978,3.2052937
4.9745126,3.722027
-1.1170492,6.546543
9.974632,11.450744
7.9114347,5.860763
8.278855,6.1478753
9.726229,10.670705
15.443688,3.6432323
7.1393075,5.2323833
15.193002,3.2193556
9.931788,11.482069
14.591787,3.891675
15.231576,3.7006052
9.29745,9.175849
9.91478,11.337117
4.663962,4.630874
11.185149,3.0251865
15.846523,4.6849623
9.584228,10.557925
4.632224,4.618243
13.447147,2.1356473
4.6917963,4.926878
13.862577,5.115699
-1.0396259,6.489726
6.6112404,7.948161
5.237467,5.947785
4.3480062,8.932677
9.4293165,10.873897
15.516403,3.8766055
14.551808,4.348384
15.265036,3.9571323
13.381797,2.249013
14.693741,4.0212183
12.88244,2.4395454
15.063491,3.850934
-1.1380172,6.545164
8.454593,5.894758
-1.0083023,6.246671
14.334159,3.8656301
11.1065235,3.2139277
14.492675,4.169113
8.204793,6.05012
9.896656,11.4106455
13.935597,3.488518
10.072048,11.581555
8.979943,5.734744
8.5649805,6.182418
4.964905,4.391008
8.750895,5.0154953
14.293262,5.4745135
12.947735,2.5623846
4.6725364,4.911868
8.706107,6.021086
4.3520994,4.1588798
15.226746,3.8620837
5.110008,4.694509
8.425732,6.465621
14.263488,3.8739185
13.715738,4.343411
15.088046,3.1652253
4.7296987,4.921153
8.539109,6.152103
15.634625,5.0839148
9.290171,9.649987
6.924646,2.3251398
4.031287,8.355314
15.42907,4.6686687
8.481002,6.3746676
4.413311,4.056687
14.2922735,3.8636272
8.092706,6.0035515
13.536846,2.646699
4.3118534,5.223874
8.975423,9.452273
9.622447,10.521189
8.0075655,5.838819
14.8621,4.1502504
9.287941,9.486271
14.909031,4.0124907
7.979465,5.04741
15.160706,4.059742
15.158445,3.7696383
14.220086,4.187584
4.659291,4.6346493
15.130297,3.4014063
14.594722,3.7730439
6.4638805,7.5053306
13.895893,4.130035
13.495088,2.5717425
9.590117,10.716813
14.761572,3.9975426
8.649273,6.0843277
4.893352,5.269381
14.709996,4.121594
5.3481083,4.084231
9.192411,9.506237
9.654729,11.221793
15.153434,4.386348
15.018399,5.2029085
12.751438,4.6988473
15.106579,4.8057556
4.5665493,4.336885
14.62245,5.0725737
12.896259,2.6496842
12.910952,2.4409957
12.691386,2.871923
4.755656,5.0431886
9.319125,10.266845
7.0123234,5.262229
4.4812574,3.5838943
13.318009,2.2906656
4.0945096,4.9191937
13.83243,5.2654376
14.547871,3.9300094
10.772803,2.9069917
13.402525,2.2323442
7.5358534,4.1223674
12.670717,2.7272992
14.317351,4.0617886
8.420647,6.117085
4.2607174,8.736284
14.829144,4.0232787
7.077239,6.6741486
9.575711,10.717568
14.7245865,5.220554
8.668288,5.884609
4.9276047,4.645013
15.038031,3.178493
9.624749,10.987792
14.991725,4.1777053
4.7921596,4.6101575
15.095992,4.7927876
4.306068,3.9513793
-2.412297,3.9025369
4.323558,3.9952338
14.091861,4.391804
14.426863,3.7533956
8.960754,3.9891696
9.831125,11.422477
5.227941,5.480696
9.201892,3.6650028
7.022206,4.995035
8.133847,5.8714676
4.9473314,5.1194983
-2.4517658,3.8628042
9.897243,11.444149
4.3183026,8.947935
7.863707,5.6991215
4.833231,4.5512795
4.7742147,4.511314
8.092611,5.717166
14.560303,3.1201346
9.258165,9.502869
-2.4737523,3.840793
9.839185,11.401012
5.0228624,5.6236906
5.217444,7.7148156
-1.2815282,5.1247244
9.763869,11.200093
15.094352,4.0033727
9.681744,10.73039
14.456847,4.2013946
4.5645947,3.4067366
14.840699,3.975259
15.121901,4.129058
14.051905,4.8177614
4.961131,4.446945
9.736438,10.289221
10.000385,11.447904
4.6833925,8.015912
-1.1293348,6.554184
9.486377,10.451665
12.873037,3.0301774
9.105417,3.9273953
5.002322,4.551347
15.057685,3.8785276
14.963182,4.828186
10.061686,11.506233
14.165808,4.073798
4.4188952,8.582151
-0.9302867,6.3616986
14.693024,4.1761184
9.83172,11.230304
4.303912,8.47522
5.2817616,3.8889825
15.093865,4.8779993
6.9531474,5.2227564
12.910971,2.4266853
9.787867,11.193431
8.024463,5.6663704
5.172122,4.20885
14.158251,4.2415648
4.611068,7.697248
5.0224977,3.7417767
5.203118,3.2655973
4.7744336,3.7990274
14.5721,3.807449
8.444361,5.946039
6.5848365,7.9425693
15.042253,3.248908
13.953224,4.046342
8.3486185,6.1337576
13.928165,3.8342874
9.417736,10.955558
8.633964,6.0181594
15.183802,3.2778316
9.737503,11.087235
14.520946,3.8980467
4.8718657,4.0395174
5.4918704,5.051432
14.799218,5.0076904
8.039194,5.557408
15.040831,3.2730954
15.014753,5.081521
14.8846035,3.9047904
4.733793,3.776023
14.956841,3.5695052
15.2641535,3.8871357
4.09201,4.62731
9.011251,5.3396688
9.518362,10.249132
15.371198,4.9216895
4.511041,4.308806
8.269813,5.887996
15.063065,3.8013918
14.877756,5.0938168
4.26689,8.437467
-0.9233166,6.1907144
7.9676476,5.794788
5.0960727,4.5007577
9.97094,11.489353
14.6133,5.418089
9.543184,10.663361
4.990058,5.0271163
9.422382,10.270393
4.3586555,8.953126
9.612968,11.132192
8.635186,5.7454414
8.14552,5.705114
13.277676,3.9567573
6.57879,7.640783
13.544241,2.6834114
9.732032,10.669797
9.671249,10.866501
13.355857,4.9499583
4.1805005,8.878109
4.5529346,4.190194
9.059782,3.7667544
4.1645994,4.0130267
11.941763,4.0117884
15.105974,4.8071556
13.418203,2.2009034
15.134138,3.8719697
13.238314,2.4058585
14.474126,4.011604
13.508915,3.9227617
9.113935,3.8432875
5.2960014,5.108995
9.9881,11.498519
9.163571,9.937479
4.4295015,4.262421
13.408151,2.248417
-0.9254795,6.3548083
4.114326,8.920902
9.4658785,10.980244
8.300485,5.6688013
14.417998,3.9470456
4.7931695,8.102347
12.735649,2.9405215
13.293746,2.3159096
12.877146,2.4822383
8.435995,5.499834
6.763673,5.091542
9.037423,9.356366
4.448635,4.2972307
12.834208,2.5090015
9.206588,9.131557
4.3720374,3.4918337
8.943596,8.865438
9.806768,11.334495
8.234711,5.9255834
6.5068607,4.979163
14.437573,4.1248565
4.035205,8.530641
4.0507474,4.4554243
9.702378,10.452946
14.320171,4.3305564
15.682205,4.9082417
13.362064,4.0768986
4.53581,4.373825
4.552327,7.525252
14.992881,4.983247
12.74661,2.5941346
8.515375,5.977129
9.551863,10.7368765
13.40022,2.2519128
9.830397,11.108518
14.451494,3.9276006
8.067482,5.51877
15.052922,3.9235458
14.947503,5.0175962
5.342187,4.8083143
14.801593,3.9474657
5.2266626,4.0437164
14.447032,3.8496585
14.040358,3.7692308
9.691403,11.209278
15.799302,4.8907156
-0.7995519,6.1633644
15.423828,4.610423
13.764808,4.97648
13.0340805,4.7515836
4.31258,3.7294242
-1.3354707,5.058453
4.9816566,4.8821845
8.423586,3.09935
-1.0081081,6.4083366
14.535339,4.079663
14.277261,4.234848
9.22803,10.157621
4.3130436,7.6171055
-1.0762895,6.5318527
9.56179,10.817898
14.550451,4.2926598
5.115073,4.6708755
5.316149,4.483259
4.7558355,4.236886
14.136062,4.089281
15.243792,3.8837805
-0.9022917,6.1898823
14.238299,5.2854156
13.821523,4.166698
4.802293,7.778763
14.513874,5.5030003
8.02574,5.8387785
15.911604,4.8593516
4.667241,4.491647
4.27189,8.954173
6.0219564,4.0381455
4.944084,4.1331887
14.567519,4.081577
5.6596365,3.7486384
8.936638,3.8923497
8.961361,9.251938
15.139831,3.9343505
8.171857,6.4125013
7.216308,6.135522
14.978894,4.0188217
3.9567192,4.7846622
5.3376775,5.245959
5.328494,5.3598504
9.5566225,10.224949
13.70767,4.7375193
8.639952,5.822001
-1.1933935,6.6115713
4.689389,4.370555
4.521933,8.881213
14.212909,5.3118944
9.814402,11.384744
7.8492403,5.744259
4.2958074,5.069508
6.1392746,7.3482146
14.5910015,4.0517282
14.835336,4.016857
5.064662,4.443769
4.0659957,5.299436
5.101667,4.8698
4.2501135,4.370389
15.476856,4.628496
7.9424686,5.8465548
5.3841624,3.7861843
4.505433,4.2485948
7.3941584,5.9440217
15.714491,4.946444
8.482622,6.0125885
5.371933,4.4378657
14.173872,4.0484977
8.725211,6.1609597
9.634025,10.63906
5.194542,4.521331
7.505049,4.237544
8.464907,6.03448
14.651005,4.0117626
4.0870333,8.255029
14.720692,3.9670157
9.83391,10.444039
9.486733,10.560196
9.509267,10.572037
5.9744554,4.76285
5.342555,4.9561167
13.804694,5.120364
12.495092,2.9581645
14.372794,3.4122317
4.1673903,8.812465
6.5792103,7.4852657
4.957166,4.23031
9.322066,10.389419
7.6410384,5.733403
9.672408,10.726519
15.846981,4.866669
14.923683,4.0361586
8.129107,5.6651487
4.5870347,4.754332
-1.106922,6.4862556
4.736292,4.0654263
5.69124,4.5488896
14.429483,4.0112996
4.814948,3.7324815
4.643726,3.5446463
4.9543858,4.8295403
13.88868,5.0943193
9.005706,9.4302
9.803164,10.983748
5.8037033,3.3254187
8.129266,5.829982
4.0837083,8.450997
13.880151,5.2901807
7.889513,4.324767
9.5847225,10.720177
4.4887395,5.3243756
9.605925,11.144402
9.1024275,3.823475
6.5332756,7.345129
10.7371645,2.9546711
14.4382715,3.9883661
4.6115313,4.7007265
-0.8817136,6.324178
14.38172,3.9487371
-2.4616134,3.8528435
6.906442,2.3331127
8.448237,6.0285826
4.1866174,4.4406085
5.6926107,4.843593
9.719138,10.89699
9.350098,10.463176
9.632364,10.814803
5.021271,3.508386
7.9008756,5.589125
15.094714,3.8529162
6.2406573,4.7461424
-0.98690444,6.5053377
15.092226,4.0538545
8.236198,5.488998
14.34073,4.332192
4.620015,4.3535643
5.1668158,4.137105
4.9442124,3.8954182
15.157384,4.1119747
8.09641,5.7907295
4.265021,3.9234214
13.577443,4.0878673
4.8959947,5.3901343
9.700782,10.816121
4.610487,8.346726
14.454088,3.8108506
4.7158675,4.3121877
9.4903345,11.066203
8.928028,3.5605557
7.841256,5.6257334
8.926716,8.980297
4.506572,4.211531
5.439904,4.390084
13.12885,4.061903
6.568112,7.4625983
13.479593,4.2556562
5.4760137,5.044723
4.272946,9.011458
9.8327055,11.341049
-1.8832207,4.4274282
14.985583,4.979541
8.572731,5.8630047
4.7078614,4.3916087
5.605727,4.23194
-1.1507221,6.573009
7.9427238,5.9489007
8.934778,5.7303104
9.613644,11.121187
4.6008716,4.446622
4.6272526,4.3143883
8.306078,5.8512783
8.950079,3.7838175
4.6326575,4.3711014
8.628898,5.311881
15.021419,5.0011883
14.975303,4.2934394
4.1589956,9.004068
5.765992,5.105472
13.663364,3.5580015
14.162214,3.8453796
6.4010086,7.5486917
13.954036,3.871145
9.578977,11.204517
4.848647,7.902109
7.96835,6.367592
7.60017,5.4507675
8.33595,5.644724
13.400677,4.090756
-1.2178445,5.204275
15.149433,3.9944777
4.1451063,8.630518
7.7911816,5.6482997
12.567083,4.7159095
14.433359,4.938247
12.765731,4.0834603
9.537724,10.373956
4.466057,3.8347564
15.670431,4.9942346
6.1632957,3.814722
15.116509,4.196289
7.919658,5.198587
15.142812,4.222444
8.00935,5.3261275
6.608046,7.9752655
8.029414,5.1436787
14.232868,4.1312094
7.1655693,6.139473
14.250217,5.1765714
8.591941,6.026196
-0.9647526,6.460978
9.22911,9.6910305
3.9986608,4.5412126
4.148522,4.3105235
8.64205,3.5701966
4.901628,3.3714447
4.4045854,4.3632455
4.637047,4.044922
4.51181,3.4463067
6.566802,7.722985
9.865835,11.390914
14.754162,5.1136227
8.612694,3.771713
7.8391986,6.1902914
8.076706,6.3741913
-1.1651832,6.5960994
4.813937,4.101072
8.586841,6.091916
9.322373,10.027504
-1.0052841,6.429253
4.3007092,8.768836
4.0605855,8.568291
7.2078,5.005332
4.8562245,4.6954317
13.58866,3.6768382
7.548934,4.916031
8.816719,5.4137063
14.62445,5.4062276
7.3487606,3.1722052
9.275918,10.2039995
10.987039,3.02933
5.064304,5.222367
6.5493565,3.8851883
-1.126785,6.528377
5.185187,4.324888
14.702061,5.104169
4.388392,8.638341
8.647992,5.7612505
6.3677907,3.4259946
12.985773,2.4935567
4.8535633,4.588018
-0.9447902,6.2754946
8.815957,5.9268804
12.856261,4.0609717
14.764822,5.202324
4.9809685,4.251134
5.1553173,4.733383
4.381435,8.892851
5.1750546,5.262649
7.628842,3.246251
9.544755,10.640351
14.42526,4.2596955
8.086433,5.8788347
5.0996842,4.803824
11.014335,3.048129
9.762908,11.320337
13.743924,3.8424487
13.804626,4.726208
8.580266,5.765786
12.725774,3.3394866
13.604999,3.5664358
14.214746,4.1960073
5.132122,4.675314
5.080145,4.5157385
13.622148,4.202188
13.569682,4.9441037
4.782492,5.0343637
8.335452,6.0191083
5.786544,4.169233
13.403984,3.8428805
4.9446507,5.1274314
14.545431,5.50415
5.1126623,3.837846
5.126382,5.369341
13.763283,3.816403
14.190785,4.2666726
4.4143176,4.411796
7.8990436,5.8708854
5.341345,4.255914
14.4638605,4.233813
7.379804,5.30997
4.9547358,2.8715909
8.880411,4.199566
14.198684,3.9909828
9.636575,10.663292
4.5319204,4.161251
8.420447,6.0217557
10.969533,3.0210142
15.355392,4.7889643
15.235109,5.0354757
13.955909,5.2235513
-0.9726087,6.4462023
5.0819173,3.23836
12.62252,2.6412437
14.133502,4.691228
4.748493,4.0260634
13.672004,3.8715842
8.571283,6.064142
5.112442,3.6327345
14.837631,3.904453
4.569241,4.6069136
7.9755063,5.826043
13.905274,5.2919736
14.532321,4.1728334
12.707411,4.7571297
14.544708,5.4899898
8.086129,5.6908937
12.886682,3.889432
13.947465,4.109092
-1.0061234,6.4472795
8.651093,3.388195
3.9938667,4.1879363
14.33257,4.8295527
8.425058,5.853678
3.9501755,4.5695467
4.337907,3.7667224
14.403528,3.9188867
9.302102,10.386137
4.6969376,4.306576
12.492696,4.5080805
-1.3640103,5.0254507
9.133329,9.425695
14.351072,5.417628
4.4163394,5.151387
14.802449,5.0769014
13.315734,2.4133239
8.80955,5.699098
6.569907,4.6210613
-1.096046,6.4888115
4.6994033,4.597983
13.753406,5.1109962
7.908111,5.6093397
4.834736,7.995072
14.271108,4.2966313
9.213261,9.727302
-0.8485529,6.30567
8.387284,2.8861463
5.0775733,3.568401
4.873339,4.341895
5.788782,4.1172686
-1.0260864,6.377346
10.024726,11.499915
5.0419397,4.57184
5.273924,5.686257
14.279393,4.4407964
14.050772,4.96617
7.921753,5.551039
6.490482,7.3029532
4.998521,4.0384727
4.2365046,8.217103
4.568077,4.125276
13.976372,5.031836
13.339125,2.6533732
6.5411143,7.6159315
14.519833,4.9936957
4.58371,3.4590218
14.226728,3.2506092
15.068437,4.4567266
4.7223563,4.429241
14.771725,4.125886
14.292278,5.355981
7.495431,5.543808
5.724053,4.2645516
7.276186,6.1124606
-0.9632957,6.2898016
6.5014577,7.425792
14.746373,4.221013
6.554592,7.7219315
13.688604,4.924906
8.824542,8.887571
4.5285263,8.101883
5.4261003,4.484065
4.821966,4.590894
-1.0010853,6.2479744
6.213975,4.3548837
13.040512,3.9478927
15.10742,4.8970947
8.477803,5.8099804
5.8480363,4.0116363
4.752155,8.220768
4.1930017,3.8887155
15.273642,4.9218016
4.426015,3.588148
5.0050077,5.140119
4.4828205,8.552294
5.172968,3.4108932
13.553161,5.047706
5.020942,3.5298266
8.907979,5.924438
5.2167377,3.5137134
4.420995,8.921205
14.036777,3.3032455
5.3908143,4.3744535
7.8351326,5.9071507
8.015389,5.6058855
9.084948,3.8167713
9.43778,10.184667
4.2939525,8.926318
15.647204,4.942057
4.247282,3.9550838
-2.1678095,4.143567
9.5468,10.62414
4.3453884,8.649973
7.6247196,5.6638618
8.44197,5.9192276
9.517628,10.227652
8.916679,4.4442873
4.99846,4.938308
8.083234,5.829492
3.9469342,4.544608
14.332063,5.0495305
8.911902,3.7084043
6.59882,7.927832
4.577995,8.276374
4.7731185,4.3417683
7.4010143,5.0800524
5.7960005,4.276808
5.369145,4.6872816
15.799714,4.9938817
5.5494285,4.0055447
3.9681308,5.285828
4.232857,8.774818
6.577011,7.6806273
7.8087616,5.589664
8.573164,3.629568
13.467434,4.7570567
13.973201,3.8111095
13.819513,4.0051026
14.870142,4.5525727
9.884046,11.438444
12.849724,2.71714
13.346295,2.413742
9.532515,10.694416
5.5185966,3.678027
13.388073,2.34249
5.9251504,4.8104963
9.619661,10.692253
5.018048,4.4793715
14.205088,3.902852
4.743459,3.9745822
9.302374,9.584219
14.492434,5.5176077
-0.92249006,5.6308837
-1.3139937,5.086092
9.75835,11.191888
12.67502,2.6340513
14.754091,5.051454
13.966082,5.142181
6.915791,2.3165963
7.531439,3.1233206
8.143788,5.5299606
8.6740265,5.84552
13.057745,4.103755
5.1719255,4.5036874
4.7377214,4.59667
14.254157,5.109451
4.806421,4.697553
14.194456,4.441617
4.7201653,8.3981085
5.988847,3.661349
7.902973,5.6173863
9.577096,10.893643
9.810843,11.360266
13.922461,4.100758
12.672476,4.7157283
5.1073947,7.2118454
6.2340984,7.109001
12.871067,2.6422853
8.885943,5.586528
8.58811,6.053418
4.682177,5.2420435
8.216082,6.1613436
8.759635,3.8713565
9.256252,9.472041
13.893432,3.8646538
6.3761234,7.51911
11.15513,3.1980743
9.237428,10.523195
-2.4525049,3.8624606
6.571221,7.6086564
4.2280264,4.9419603
-1.0472109,5.475756
15.081007,3.815001
4.45328,3.6826987
9.581228,11.10344
13.552479,4.780659
5.1517096,4.1192465
13.874092,5.301289
4.6960435,3.366482
4.976187,4.4192104
5.137672,4.9336867
7.6403646,5.3538
6.950415,3.8328571
9.684125,10.572374
13.737438,3.9181294
7.170708,5.296004
4.5675106,8.479074
14.266614,3.244332
9.70803,10.232237
-0.9929242,5.536658
4.1803527,3.9154358
7.835331,5.6532035
13.69651,3.787564
13.492631,2.6510584
4.543587,8.370396
4.3217716,8.926419
10.932406,3.0045347
13.677122,4.24397
4.5295167,3.8711588
5.063889,4.0259
7.912474,4.10349
6.602634,7.87949
6.915579,2.3025575
4.236325,8.210693
14.20953,3.9123108
14.254967,3.2905369
6.604425,7.695354
13.822883,3.422492
7.554599,4.528588
9.011867,9.21186
14.871916,5.0810084
5.47402,4.4433756
15.072244,5.0750213
6.484459,7.602987
9.692117,11.270376
4.1574793,4.0337057
4.2454414,4.6950703
4.496521,8.276362
4.8664556,4.3158097
4.2314363,4.9017625
4.704522,3.3248749
4.479163,8.317311
5.583069,4.9823
9.575342,10.523443
11.93609,2.888021
5.28739,4.2071385
8.4127035,5.8505406
5.8145266,3.5109437
4.7338734,3.8643706
4.8189273,4.824842
15.379026,4.825322
6.937882,2.3396704
12.077252,3.8009298
4.635716,8.352964
5.2232294,4.8767633
9.71035,11.20339
4.83589,5.030027
8.740984,8.769693
14.230322,4.111673
14.925366,5.1073537
5.494969,5.192808
4.666513,4.0273952
8.013263,3.555358
4.561999,4.468749
4.547766,8.498963
-2.4555714,3.859287
12.497219,3.113939
8.700277,5.5852475
5.565473,4.0416517
6.520655,7.6160502
7.70131,5.514207
8.664792,5.689756
4.346205,8.791304
6.1524796,3.8161895
7.2929583,5.0730166
6.6281977,7.90006
7.8619523,5.5809655
13.18154,4.7508144
4.989246,4.188223
4.600613,4.6959186
7.7386694,5.845996
4.821739,3.9107025
12.595567,2.6949773
13.900149,5.0812087
4.6656313,4.8986516
13.454683,2.727018
4.3764744,3.7573528
15.1749735,5.012401
13.639539,4.40486
5.593261,3.521157
8.887848,3.5633593
13.290592,4.2801
13.240093,2.3931134
13.419897,4.2985806
13.3399725,4.198607
4.4006906,3.684454
15.020393,5.0428257
-1.4730824,4.903439
6.595392,7.9639015
5.882915,3.5320807
14.304722,5.3265324
7.9187036,5.6650996
4.937364,8.188374
7.74393,3.7519312
14.232809,4.059229
7.351364,3.9830596
13.897014,4.1182837
14.746999,4.2024384
10.91784,2.978425
3.9428658,5.1387596
7.1281023,4.7868943
14.549881,5.3808966
-2.2068834,4.1053777
5.341983,3.3850951
8.031194,5.598011
5.5661087,3.8485131
13.656474,4.953951
13.606123,2.7638679
7.747317,5.773173
4.448701,8.378443
8.391622,5.8369327
8.66674,5.7548695
5.3311186,7.3890653
5.1318455,5.498924
5.595634,3.8199198
4.698369,3.8647628
4.4875712,7.993678
9.02682,5.285799
13.484492,4.43627
5.2730455,4.9185376
5.030114,8.092065
5.6106105,3.9286911
4.407694,4.178453
8.973606,9.116776
8.484827,5.617451
8.646516,5.9648
4.7006073,4.3862777
6.165711,4.261828
4.5052466,8.793659
9.128495,3.7620294
5.5698967,3.302743
7.2557545,5.2250724
6.927044,4.7296777
4.4626565,4.160753
5.530217,3.0219553
13.598906,4.157913
7.761454,5.581891
14.619939,4.475488
4.26415,3.780954
9.023252,9.829396
6.3496327,4.8260245
9.203393,9.688872
5.1113386,3.258887
4.9627695,4.402224
8.966179,3.7103038
4.087772,4.021499
-1.1109017,6.4719396
13.650248,3.57196
13.358085,4.0439463
6.415478,4.6958127
9.186169,9.923125
8.075953,4.0890393
8.524901,6.162645
4.218605,8.8153
4.613989,8.758218
7.816566,5.4530654
5.275732,3.7760608
13.903597,5.0116067
8.03074,5.078745
13.472893,3.883117
8.684325,4.0332923
14.132034,4.0329905
6.6019535,2.8613367
13.646683,3.4444883
11.011912,3.20888
13.991139,4.139095
12.237288,4.1688514
13.771194,4.297214
4.6285243,8.163548
5.1233797,4.5384893
8.219232,5.4835844
4.6403575,8.642591
8.837164,8.761149
6.3661137,4.565279
5.0689077,2.716297
5.63747,3.961271
13.684622,4.219788
-2.3875105,3.9272513
7.919721,5.735858
8.538898,5.988589
14.009638,3.9779527
6.670415,7.0134225
4.2674403,8.635755
11.327567,3.4502416
5.894821,3.7766361
12.264587,4.3033996
8.310892,5.3996
8.916486,3.4209168
4.3167024,8.45676
6.2498274,4.0178576
4.84644,2.93252
5.675731,2.7580426
8.449742,5.960009
4.3408155,8.568815
5.2855253,4.8933496
7.844389,4.2434483
5.442502,3.4056478
10.590275,3.6148505
13.70864,4.536166
-1.0046002,6.487924
4.758764,4.979061
7.680093,4.104436
9.002026,9.310093
14.21857,4.4437156
-0.93359613,6.361159
13.950507,4.0508604
5.848229,2.9104223
14.284848,4.218067
7.0259514,4.349552
5.6606154,4.640178
8.742009,3.882717
5.4686804,3.816147
4.549045,3.4738815
8.462283,3.3974862
9.328659,10.107573
4.6776147,3.672007
4.1705985,8.549417
-0.90820205,6.1836634
5.446294,4.5591908
4.814631,7.573757
8.485288,3.4416435
6.045187,3.4501252
8.80543,3.9115686
5.154707,4.1791043
13.567474,4.683605
6.9163136,4.3184705
4.5608373,3.947906
5.008679,8.0153
8.593602,5.477008
9.512732,10.395405
4.185926,8.921039
5.3246574,4.270631
8.656654,3.2535286
5.2543964,5.67646
9.414243,10.178041
4.760319,4.1777906
4.5199666,4.2212863
5.5100102,3.8694513
9.12684,9.537629
6.5689344,7.562363
5.9416986,5.201158
5.719223,4.236539
4.2750354,3.7748911
4.3681736,8.734254
5.4846897,4.8647547
13.365256,3.8906243
9.043688,9.614432
5.5322657,4.645223
9.694273,10.771392
7.4982867,3.0519526
4.454279,5.330969
7.737707,5.6520863
8.567039,4.263829
8.817609,5.532286
13.229017,4.00962
-0.4955714,6.2858853
6.016094,2.678275
3.9745722,4.6768475
14.742058,5.050808
4.1691437,4.3301015
-1.0489506,6.4019017
7.921082,5.687098
5.5010567,5.561265
3.884699,4.61454
8.857808,3.429628
9.329039,10.540633
8.361477,4.013168
6.560698,7.4066834
12.407525,2.7871594
8.961427,5.2894206
-0.83227104,6.255377
13.900788,4.119764
5.1741004,3.6793435
9.628197,10.62723
10.866854,3.084181
4.4307837,8.498196
4.5979233,4.466681
4.8698373,7.9347463
4.361079,8.709223
9.084253,5.5560255
7.977344,5.276655
13.7097225,4.1706915
9.686531,11.18836
14.48665,5.392997
9.656903,11.115769
9.674028,10.763168
8.82484,3.5782158
12.440678,2.7644265
6.4200673,7.4930344
9.057586,9.3918295
5.5874667,3.9413745
5.592685,4.4471054
5.446126,4.920059
7.3219223,4.1333265
8.857497,3.532103
7.6705017,5.4638133
8.6253,5.513568
-0.99321204,6.2779903
5.805814,5.0565414
5.533188,5.7464795
4.666033,5.379069
8.6684065,3.5058703
6.726277,6.5481963
4.2671285,8.65742
13.833272,3.7876153
14.422749,4.9228725
9.55108,10.356241
4.86162,3.1243594
5.498709,4.650362
4.959433,3.9339864
5.262156,4.2197227
4.8654838,4.1675186
6.6122265,4.6652126
6.853977,4.1014023
14.191769,4.510515
4.36575,8.645398
9.605649,11.167409
7.864293,5.2699714
14.143923,5.159501
5.5098147,5.1843057
5.1101546,4.6370983
14.101603,4.3953967
14.344227,5.0762606
4.056626,8.390263
7.5323415,3.7537286
5.1886854,4.0220313
5.4738083,5.3452725
4.5429115,3.7241607
9.364415,10.218112
7.9493537,5.6763844
-0.8008108,6.0974503
4.7210164,4.3238726
5.0306478,3.9352422
4.3659062,4.216211
8.841462,3.2012725
6.5749855,7.414591
13.485229,4.1049557
5.5301347,3.82549
5.446874,3.811599
4.3049326,8.247806
5.0979643,3.9683447
5.1762214,3.8118193
4.215136,8.760693
13.855627,4.755695
5.8164606,5.0561624
5.752578,4.2797318
14.1492,4.1124234
13.424457,2.2587602
5.320586,5.13136
-0.9699139,6.3229747
5.4126983,4.3485928
5.41348,4.8009
14.527372,5.034668
4.7473865,8.437199
7.9674544,2.9115245
9.762435,11.344403
9.539018,10.363482
7.9453535,3.1906552
14.260958,4.400597
9.552093,11.086371
-1.0386429,6.4788227
9.001941,3.5041
4.9191575,4.0831857
5.5163126,3.576092
4.5978317,3.6132882
4.873102,4.2665615
5.1642156,4.287418
-0.961682,5.546218
5.5045967,5.0000076
4.167896,4.9509397
5.9680295,4.823411
12.67868,4.2440557
12.747478,3.3020282
5.106158,3.047032
5.730449,3.966852
7.930928,3.9325094
5.171546,3.4039044
13.696048,5.2111387
8.415961,5.9064684
7.0988054,4.4463973
12.992529,2.6364708
12.671442,3.09987
6.2327714,4.0673447
14.067842,4.1958885
13.183366,2.8450174
5.26286,4.3543315
14.882711,5.2065225
13.990287,5.1572328
7.53486,5.126692
4.898722,7.8027163
4.738741,8.388533
15.061943,4.9898567
14.924048,5.137007
13.929132,5.0112276
-0.9375064,6.1186757
7.724356,5.5179105
8.891894,9.0049515
12.821488,4.7511606
12.542342,2.8410559
8.379839,5.250159
-2.321269,3.9932582
9.142432,9.533729
13.988762,4.5717673
13.747338,3.5489497
4.858342,4.626852
13.980173,4.5317745
7.5434775,4.2065353
4.2215075,8.602537
9.704221,11.292161
4.484776,4.776475
5.1140714,2.9416575
4.6294875,8.32793
5.4917817,3.0117662
6.496941,7.4589357
4.773487,3.8112636
7.8906446,5.791697
4.4532866,8.012898
4.375366,8.8163595
5.010725,2.8317037
5.457468,3.2397475
12.828701,2.4958856
5.2184906,4.2707005
5.716937,3.3864605
9.1122875,9.9615755
5.113111,5.5253415
7.134895,5.012072
13.952357,4.8358045
8.915524,9.207446
14.156119,5.191875
7.219019,5.1374993
13.586843,3.8076053
5.971129,3.494186
5.8753734,4.5983295
9.544417,10.810486
5.628628,2.58786
9.4424305,10.509999
12.455635,2.8583376
8.230665,5.252024
7.8752894,5.6509447
4.738981,7.7907276
-2.4740255,3.840826
6.455792,3.8883617
5.4556956,4.119492
4.078784,4.579179
8.411509,5.951375
14.054934,4.568901
5.699533,3.1830084
13.171436,4.847351
7.660541,5.329235
13.094375,4.1126785
4.456067,3.7464669
8.483337,5.993632
14.065003,3.413002
13.155735,2.770739
5.0565467,3.0877786
7.9129624,5.2430534
4.92325,3.9902577
9.499146,10.680693
7.402087,4.203136
5.049723,5.3280444
4.522128,4.396079
9.500846,10.459722
5.7475047,5.221221
6.5147686,7.390127
9.717888,11.22233
15.383625,5.023104
14.440623,5.3798018
8.868344,2.9529328
-1.0177135,6.455045
13.061954,4.103732
4.495995,4.255543
5.9079776,3.359545
-2.184172,4.12755
5.974775,3.5893538
5.663339,4.6014605
8.6707325,3.8327768
4.6902447,3.2768302
7.9957013,4.514456
5.567488,5.74391
14.9465475,5.0642347
4.242328,4.377418
4.915402,4.593396
9.544837,10.660473
8.5040865,7.952816
4.492013,8.407094
8.151762,5.735781
12.6958,3.2434685
6.660627,4.275503
5.35937,3.7527971
8.393508,5.6276255
13.944842,5.052981
7.066158,4.2141223
15.346683,4.8021235
6.608526,7.8359375
9.3280325,10.042005
9.099388,3.8476365
14.424494,4.2164
13.412144,4.785841
5.784167,2.8665679
13.302518,2.3313775
14.649978,5.0718427
14.394727,5.3895674
5.1972313,3.2972317
8.853131,3.3132858
9.130282,5.52348
5.795522,5.378324
7.7815843,5.2676716
5.061187,2.8552344
13.071913,4.8040104
5.261491,4.1360183
4.535577,8.647261
4.873908,3.2184844
7.995876,2.944107
7.9458776,2.5826895
5.972584,4.031143
8.99692,9.147534
10.967075,3.0324173
13.015627,3.9733164
7.8804054,5.6936054
6.6199074,3.9519012
14.024379,5.183639
6.075077,3.2227938
7.961963,4.898
9.35341,10.8065
8.943986,9.222197
4.4456677,3.8648736
4.046241,4.694947
14.787404,5.066209
13.633141,4.9789095
8.462948,3.8251555
5.5208216,4.400052
5.568614,3.1520007
-1.0630003,6.2833276
4.2756953,3.9965496
13.944676,4.9401484
8.670385,5.707497
6.644746,7.8251286
5.812115,3.0781024
5.8611584,3.99776
4.3448954,5.1848674
5.07369,4.609858
5.5119863,5.011077
4.8667173,8.050259
4.615751,4.4003654
5.6298985,4.329588
4.6092997,4.2513657
6.6185446,7.789004
6.604391,7.9109106
5.2197347,4.7513638
12.371782,2.9655252
5.388489,5.0182977
8.077853,5.6147947
8.838242,5.5149026
8.071649,3.5968661
9.08587,9.346033
4.6146774,4.1416078
5.243737,2.7713814
8.703614,3.3346727
9.450354,10.877157
6.660245,7.238952
5.606546,5.4115033
6.511963,7.299482
5.6971006,4.1398315
5.501359,5.10608
5.3824134,3.7012038
6.1095166,3.0497808
9.109541,9.634988
8.052177,4.4834366
-1.0222875,6.4699116
14.621248,5.0718703
-0.64355975,6.2619166
8.577274,3.2290292
12.752953,2.5726604
7.6849446,5.5293913
6.012369,4.6192045
5.300814,3.523389
6.6213536,7.8858886
5.3442802,4.6609187
5.683907,3.9171827
5.3706384,4.207731
5.431485,3.6714475
4.4008927,8.9047
9.442758,10.482245
7.711745,5.536773
7.7099924,5.432083
9.253934,10.348711
9.174036,10.075369
4.9039283,7.642667
-1.0298674,6.459395
14.227786,4.397459
8.536116,5.5162144
6.2234273,3.5827096
5.7738047,3.3135715
8.419165,5.4010167
14.243924,5.06184
4.930742,2.95771
5.5839972,3.251257
8.263455,5.662647
7.38083,5.3069086
9.470233,10.448124
-0.55994916,6.1835566
6.6398106,2.7020142
6.607128,7.3885493
5.026317,2.9983034
8.169441,3.5021176
6.579043,7.6745367
5.017713,4.835356
5.2954335,3.9308105
-2.266727,4.046797
-1.0737252,6.447004
4.092944,8.59915
4.4438086,3.698535
13.220982,3.9683402
5.154929,5.6008434
8.781421,3.5765562
4.891826,4.584767
5.7226458,4.4966545
6.044583,4.0024147
8.983019,5.283903
13.113172,2.462555
5.6581955,3.137698
13.1368065,4.0255175
7.975127,5.875111
8.61514,2.8389983
6.522801,7.4871197
4.8395677,3.0468414
15.006374,5.0850835
13.73405,3.9987206
-0.7581542,6.2959337
5.044341,7.8084373
8.777561,8.771816
13.255714,4.0515223
4.852784,5.058808
9.528615,11.0240755
6.055655,3.2368362
11.692633,3.5984344
5.685054,4.473417
7.254089,4.037543
13.6807995,5.095522
6.9561424,6.4183164
8.930022,5.6891227
5.385718,3.5611515
8.836928,9.000109
8.838338,8.916333
10.957233,3.035774
7.916809,5.3234367
4.569864,3.9405727
11.766809,3.8707538
6.2193036,5.1678843
4.8784337,3.0144925
5.229551,4.4331026
9.711281,11.232202
4.842917,3.2931044
13.02593,4.095648
4.711682,3.8045883
4.5634565,8.262838
5.5449758,3.1939788
14.132744,5.376954
3.9626994,4.556514
6.9347267,5.161646
4.093907,5.0808554
13.37621,2.3903966
6.2532125,3.735826
4.7085047,4.6081133
8.521201,3.65443
5.1941285,7.85008
-1.1086574,6.462137
7.2899427,3.7179923
13.773219,3.2152739
-2.1345122,4.1764336
5.140497,3.2115273
13.378395,4.1426563
8.698367,5.6889887
5.13162,3.8139238
14.310667,5.290739
9.255307,10.603683
7.5580344,4.860985
7.9531507,3.4406352
6.091663,3.5154448
5.398994,3.5532553
8.944158,9.447501
15.455866,5.173798
6.016199,2.9484382
10.953681,3.0229108
8.06956,2.5806391
7.2836266,5.218914
6.2236233,3.7286406
9.209647,10.421664
8.807742,8.953199
13.278019,3.2029278
12.976705,4.2815614
14.47815,5.0496964
13.348296,4.0405383
6.092963,4.474295
7.395916,4.900701
9.028977,3.6160383
5.722181,4.702546
14.5889225,4.514211
4.4335713,4.1367345
4.6479874,3.2156775
5.9231925,3.0910182
-0.8962855,6.413933
15.650186,4.9987645
8.033263,6.493107
5.751737,3.1235988
4.408719,4.541604
4.0571084,4.194969
6.5756035,7.3534346
13.445058,2.629485
9.753165,10.386196
13.9703245,5.1047115
6.284077,4.657727
8.125991,3.4062915
7.7013774,5.3212466
10.8600235,3.0154374
7.508301,5.057105
8.031096,2.7485263
8.846734,3.502158
5.348224,5.1504717
7.6637464,5.648742
13.486168,3.874558
5.0075684,3.5743585
12.701387,2.6395023
8.403596,3.6836555
7.7320356,5.583905
5.2619634,3.2369955
5.1853113,4.9530315
12.659678,2.8575356
11.229863,3.2589066
13.797939,4.1967583
5.1843786,4.402157
6.565633,7.6747913
9.029457,5.6380734
6.614902,7.3380256
5.6696944,4.0978546
-1.0053096,5.5048304
4.5421567,3.8548954
9.571296,11.0767975
9.791483,10.452712
5.5049467,4.5862265
7.2726655,3.6952279
5.6707234,3.3970437
10.684228,2.9927835
7.886423,3.9747179
4.9776607,4.213476
4.329557,8.017709
5.527857,3.2996187
10.914046,2.99702
14.502222,5.05355
7.2233415,3.639352
9.285327,10.680212
9.405369,10.67985
5.78604,3.2064726
4.497928,3.3422825
6.610161,7.649639
9.100753,3.326966
5.8260612,3.437977
9.275054,9.7602
7.882016,5.313651
8.19992,5.6358924
4.937777,7.9963756
7.621089,5.171506
7.5745277,5.3416157
9.136028,10.054254
13.821065,4.180152
8.102418,5.679009
13.973163,4.702944
12.067941,4.417537
8.351575,4.0447054
10.959377,3.0937238
14.959937,4.8840165
6.5863094,3.331566
10.95995,3.0257378
6.2676306,2.9787717
5.4757385,3.8815064
5.174018,3.09627
5.3800583,4.3816667
6.5571637,7.461942
6.5064845,5.657119
-0.8878294,6.2839837
9.145775,9.700471
-0.8939029,6.151966
9.317906,10.385858
12.924738,4.579312
9.185468,9.936288
7.409339,2.6294255
5.2350183,4.0072217
7.4706755,4.1879234
13.375547,4.98238
4.590663,8.142586
7.2593474,2.813276
4.6658235,7.6547785
-2.4541886,3.8605893
7.753524,5.1606126
14.313774,4.848069
5.2423844,4.1690497
9.488337,10.47124
5.466391,4.1465316
4.6189966,8.565606
4.8501754,4.257088
7.724204,5.172657
8.505469,3.6335795
8.264758,4.183403
-0.9503744,5.5870137
4.1851506,8.564834
6.1695547,4.0082073
4.559062,4.561114
13.815633,3.2831929
6.8300924,3.741909
14.877545,4.8662863
6.4939313,4.158966
4.968937,3.4309564
5.6963067,4.2102165
13.122808,3.9297528
7.5645385,3.063706
7.5610547,5.509457
5.1213417,4.444589
4.3233786,8.2377825
5.133612,4.0000596
5.2888126,5.6628294
5.6361966,3.3262842
4.8944373,3.6448517
7.692983,5.5008183
4.501681,4.295819
8.132422,3.0565104
7.617057,3.4571176
8.968481,5.280086
5.1820874,4.034008
7.6980205,5.516845
4.1210504,4.4242353
6.6202545,7.503596
13.802576,5.107144
14.787505,4.967518
7.819496,2.9426758
8.161048,3.368073
10.353357,3.028566
13.437734,3.745687
13.946439,5.158309
5.1308975,3.0856497
7.9586797,5.168467
9.117617,3.500185
6.552593,3.1691308
9.251872,3.4848878
4.7010503,7.5575976
8.45974,5.8416104
5.402851,4.790147
5.072852,3.579906
8.3416,2.7193046
7.869286,5.1522107
5.2268534,3.1429899
8.621592,8.929504
4.8576536,4.0291705
4.508152,8.33076
6.6711683,3.979392
9.391253,10.699397
14.825276,4.9956846
9.18614,9.600724
4.423412,8.547427
4.360968,8.862101
13.35891,2.5640926
4.769529,4.1514134
4.6110744,4.144585
8.629613,5.7090096
13.751592,4.9711804
8.993062,9.442082
6.3478384,3.6544752
8.171588,5.2450867
5.0523896,2.7530844
8.355648,5.3964868
12.551577,3.204126
7.4941673,5.4376884
6.7379947,3.4059114
-1.0876968,6.445838
5.0097666,7.938355
5.317669,4.730674
6.4916444,3.059822
5.907402,3.899137
8.962785,9.288974
4.7286334,7.974808
5.2954936,4.724475
4.8322277,3.0731916
-0.77405983,6.052522
7.456731,3.4354007
7.854398,3.8599222
13.724988,4.2521076
6.7830043,3.1419182
4.8444858,4.0502462
8.813544,8.892828
5.8351064,3.591637
6.3637,4.5006466
7.987072,3.737474
9.084805,9.441538
13.490495,2.6939328
-2.154672,4.156269
5.874296,4.3536344
8.891876,2.8674815
-2.4186494,3.8964803
13.105518,4.1011086
7.309459,3.3524628
8.574217,5.803834
4.9606113,4.03539
7.7279983,5.764675
7.7507005,5.3857684
7.8630342,5.595315
5.627913,5.0714946
12.870151,3.3810751
-1.2846271,5.1242576
5.5183377,2.8643367
8.691588,3.51313
13.757913,4.9624424
9.025518,5.614873
9.253117,9.852124
7.3430614,3.1389236
5.6454515,3.9204576
13.98015,4.5234737
6.6151547,7.5966487
6.5942974,7.618482
-0.9177266,6.412569
5.2100115,5.0871696
4.7398024,4.137317
8.003334,3.7868626
4.7217546,8.576247
8.763721,5.70256
14.30587,4.9829783
8.10874,5.5762877
13.368416,4.4213624
6.4924593,7.418319
8.826281,2.885488
4.837205,4.5340962
9.421161,10.726463
6.2789354,3.537414
4.503288,3.9812484
5.3416734,3.6315227
5.434612,4.659931
5.556432,4.5405784
5.614927,4.2507606
6.840077,4.7732134
6.3198814,3.5988674
6.532491,7.681518
13.059097,2.4707549
4.4334097,4.060818
6.7313604,3.2016299
8.398782,5.718811
5.5200324,2.7470992
13.736884,4.0452094
4.1709323,8.813631
10.778506,2.9554877
7.1857715,4.079473
8.739281,5.608285
6.220261,3.3515627
9.208934,3.5009658
8.172792,3.5767088
5.6662126,4.0213413
4.8191023,3.8921506
8.985005,10.027176
5.0150857,3.8105645
9.065088,3.4280818
4.1001573,5.2055206
5.9997344,3.2475708
6.3458085,3.7986107
5.8032956,4.370161
5.1094027,2.7291076
6.5299344,7.4946136
4.115768,8.309957
7.620014,5.4270606
5.67255,3.8301833
7.94016,5.7197204
4.62736,4.204333
5.2856345,3.4574313
13.163898,3.0133836
4.615505,3.4271803
6.329574,4.7770877
5.658204,3.5960436
13.299391,2.5350673
8.7014265,2.70957
5.6522813,2.9030516
9.609585,10.543653
14.868826,5.058139
6.9988627,4.9194064
5.0838957,4.653577
-2.3563771,3.9554665
12.640678,3.3571146
8.47143,3.2965324
5.4428263,2.9359386
5.7352314,5.189783
13.239353,4.807626
9.188799,9.713578
-0.8503005,6.3111243
5.5043592,4.4195566
6.050529,3.2008975
9.476278,10.414286
7.7902746,4.966512
6.586148,7.4137177
7.3906026,4.3764634
5.1127386,3.0360053
8.578683,5.892145
7.88141,3.3287423
6.053489,4.6916976
15.029297,5.058103
5.9223566,3.7387304
8.882345,9.253489
5.2671404,2.9563162
4.8773437,2.9764273
7.7787066,3.4409199
5.233991,3.5596547
13.445533,5.0283556
8.794645,5.6040835
7.081281,3.2210855
8.361695,2.7920098
7.32445,5.15029
11.962508,3.7661123
5.786016,2.6744711
13.363996,4.2016
7.4562206,3.4184804
9.433127,10.464245
9.757616,10.325273
5.8083105,3.3171668
4.9799566,4.4569244
4.8476825,8.022786
4.6989703,4.045773
6.162396,4.062345
8.822489,3.6376
5.974224,2.9166641
8.275356,3.6144252
8.205716,3.558911
5.4902024,4.682865
4.092961,8.41661
6.1589484,4.098915
7.7687683,5.2730913
5.4658012,4.2994704
11.771255,4.3384733
9.352993,10.293344
12.960909,4.768142
14.054697,4.672332
9.210459,9.89924
4.9908957,4.3544154
5.796084,5.0734196
4.476194,8.033385
12.7930765,4.3243456
5.541216,3.4456415
-1.8996947,4.4093904
13.672369,4.840487
6.067048,4.0973682
5.811396,3.8368454
6.4601274,4.9799905
12.714105,3.3188336
5.765998,4.922566
5.7817235,5.7907233
9.560726,10.553731
7.642967,5.779044
7.002645,3.2049508
5.966953,3.8006861
4.3193254,8.201761
5.7855277,4.0973396
8.188404,5.543678
5.5861564,4.0639563
4.239619,8.490847
7.658643,4.883465
5.9908175,4.099164
9.141733,10.207679
6.256326,3.198424
6.0206504,3.9662888
7.559868,5.2925687
8.34624,3.3975565
4.82057,8.070208
6.153544,3.9072292
13.045802,3.9682808
13.320779,4.0614343
5.9680004,4.212562
13.469786,4.9664726
7.884372,5.256711
4.936018,3.574924
6.459282,3.4481366
4.1829877,5.0549974
8.495286,7.9412704
5.92805,5.076288
9.189485,3.48975
7.8577633,5.4272146
8.89345,9.21806
8.457147,3.1215174
7.1499114,5.0670495
4.864601,5.042939
4.2623725,5.400443
13.080672,3.967712
10.925151,3.006061
6.4461355,5.0314517
7.5657587,3.8998113
-2.3837008,3.931514
10.961664,3.0346391
7.848652,5.2667546
12.487412,3.9982057
9.502804,10.433395
5.122215,2.7440243
5.693478,5.2354712
15.475037,5.0130672
15.642249,5.032605
4.4419684,8.006928
10.793823,2.974541
9.071176,9.903048
13.34507,4.1853375
5.754822,3.3212452
4.8664293,7.9169993
5.2723713,3.341646
5.232651,3.9415946
8.984066,3.0873194
4.939624,2.914674
8.939912,5.6289043
4.088912,4.3228097
9.028285,5.4683304
13.503643,4.4841447
5.9210386,3.3023813
5.2021384,3.1679044
6.020052,3.6599903
9.279469,9.762456
9.700534,10.355811
12.413313,4.504721
5.8701515,3.6826525
14.062845,5.0201435
8.579481,3.9160585
5.7876325,4.221285
5.44078,3.1204834
11.763346,2.8691587
11.746945,3.5812361
9.0894575,3.460711
4.800001,4.3272457
6.8640523,3.279874
15.083561,5.0924773
5.0483265,4.2745075
7.878399,4.874983
4.6282716,3.9982243
7.6949277,5.4362345
5.141647,3.8481019
15.723917,4.984372
4.914935,3.369727
8.065703,3.0477755
8.222459,5.888492
5.0573397,4.0211496
6.5463514,7.620293
4.1743226,3.8501313
9.234927,10.123226
5.7587037,5.7902236
8.285707,5.3268847
5.6468534,4.591909
13.953295,4.676539
5.470905,3.491505
8.977516,10.04204
5.081668,3.8032904
8.727628,3.3860958
13.032439,4.0117674
12.44007,2.7291074
4.716246,8.390925
7.380355,4.152356
8.499281,4.1100545
9.35165,10.611377
4.73715,3.1589708
-0.975428,6.2939587
5.8695626,3.9693532
8.98139,9.801826
12.147456,3.7296677
6.185051,3.2362027
6.6090503,7.78824
12.561127,2.7221012
8.304608,3.2701347
5.0388064,3.0853333
13.366523,4.4780717
9.762373,10.349165
4.366734,8.050364
5.240071,3.285457
13.632387,4.563643
5.578129,2.963596
9.568969,10.580099
5.9599967,3.2617671
5.8655243,3.284874
5.589544,4.8660245
-0.93544286,6.334415
5.3627653,3.4775734
-1.9271455,4.3807735
13.811499,5.0296855
7.4995165,4.1186314
4.8586693,4.150638
9.428542,10.094283
7.80796,3.9561996
6.321161,3.8963082
13.430383,4.559459
7.8541727,5.419246
7.662146,5.321286
4.6916647,3.5525613
7.485513,5.14841
13.459542,4.5113077
5.29637,4.575672
4.8804064,8.04018
8.271379,2.8174033
-0.9471626,5.568989
5.614974,4.4242625
7.653488,3.2551491
13.884626,4.9283648
8.207429,3.2187517
4.3650804,8.818719
4.704787,7.373902
4.2580395,3.8775182
-0.43809643,6.228619
6.1104145,3.8587546
4.569536,7.7631693
13.163366,4.556119
8.510977,5.6993055
6.8474617,3.6368046
4.739179,8.134558
7.549388,4.656707
4.8782845,4.391881
5.8202143,3.8514075
9.252987,9.681156
4.9933777,3.334214
6.081052,3.855067
13.251009,2.7600007
6.49433,7.2971144
5.622131,3.7693346
7.6558957,5.389239
8.766503,3.744462
9.065954,3.8495612
4.905924,3.9347994
10.809571,3.1307163
4.869051,4.1551795
5.6969543,3.1586924
14.131594,4.437016
8.321426,3.1993268
5.7833104,3.9490805
5.573349,3.095534
4.9825225,3.8490715
7.766109,5.197159
5.7245,2.8219063
13.340662,4.3206286
8.997317,9.730766
9.42104,10.91386
4.958206,2.9390743
4.1249037,8.520316
12.539063,3.2137635
6.0990915,3.9815364
6.091418,3.028218
5.735135,4.1309156
6.0651603,4.2264986
12.366655,2.8565764
9.628516,10.725089
5.8636065,4.441025
5.350539,2.9122176
7.877817,5.7529225
10.689408,3.0094948
8.164646,3.460559
11.84844,3.6316266
5.4102354,2.7573464
8.332458,3.392977
7.495494,5.061016
5.989348,4.4822836
7.1641836,5.467751
5.6500564,3.1427577
8.588891,3.6603355
-1.2499437,5.1716413
-0.6571454,5.9620566
13.804612,4.698424
6.9768934,6.7060003
5.1209545,3.2496316
5.9615636,3.7977839
5.168669,3.7506962
7.4434385,3.7502706
9.244692,9.630991
7.7413898,5.5261664
-1.9281976,4.3803205
8.189897,2.9277427
12.644536,4.001914
5.1269903,3.642492
4.4205375,8.538885
5.5183606,2.9446602
6.9504857,4.635681
-1.9075837,4.400454
5.757974,4.9361916
5.322022,3.6622436
8.02753,4.1674647
4.9125896,3.7911718
4.5323973,7.98209
7.099034,3.6192799
5.6260414,3.775398
6.9451585,3.7140622
5.790186,2.8568366
7.0407653,5.2864676
4.4131413,8.244786
5.505461,3.352869
-2.24964,4.06383
4.0602784,4.827914
15.461214,5.0573864
8.0343275,5.697631
5.1650295,3.4319713
4.92669,8.044229
5.1878014,4.6135445
4.538257,8.705252
-2.1424303,4.169333
5.7734118,3.4811344
6.4041214,3.0842783
13.427313,4.9046936
8.321167,4.104057
14.015967,4.844501
5.776875,3.3622553
14.118613,4.8757615
8.131912,3.0884748
5.5439,2.985595
7.275516,5.0383625
-1.1900403,5.246381
-1.1922094,5.2635174
8.852977,5.314631
6.230285,3.1473448
6.369525,4.6485996
7.6844153,4.143495
5.7760577,3.305847
14.967742,5.156194
13.408581,2.3613877
7.8034306,5.757505
5.3746214,5.6780868
4.661773,8.412841
4.419014,8.184791
5.5748653,3.9436765
-0.77288556,6.111629
5.7980976,3.906895
9.034643,5.3586826
8.28989,2.8108592
5.4583,4.5692954
5.255558,5.642557
8.105747,4.7989936
13.660761,5.069424
5.710101,2.982227
8.278013,2.663584
14.135195,4.9535236
13.322729,3.9433827
6.561532,7.4284425
6.3357353,4.0145316
4.679367,8.509938
8.769304,8.944438
6.4570494,4.8664103
4.4352307,8.240375
13.296646,4.7480755
-2.349927,3.9651392
10.340718,3.088496
6.7137556,3.216968
13.356965,4.9163604
8.964124,3.7494233
4.878312,4.681417
13.699929,3.4574552
8.654975,8.450233
6.1898146,4.9136486
12.457032,4.36097
4.7875113,8.335752
4.826447,3.6144805
9.2469015,10.179412
6.076102,4.7334113
6.0762677,3.3890927
8.972365,3.5582705
11.009767,3.0656784
5.017556,3.5381718
8.952159,3.3103557
-0.92725766,6.2452316
6.2388587,4.327275
12.437841,2.6325057
13.171992,4.331011
8.076204,3.1324584
4.7237267,3.1627178
6.9234405,3.9150865
-0.8822341,6.368837
12.212465,3.0120451
15.115317,5.095927
5.509716,3.6170018
5.489538,3.4717677
4.255892,8.130372
6.606592,2.929543
9.5134535,11.059719
4.830417,3.1472144
-0.9706198,6.230696
13.5124445,5.043702
7.815552,5.1665583
6.1032515,3.1200466
13.844272,4.942968
12.454141,4.2682357
8.670285,8.693807
5.3437643,3.427594
4.55916,3.8762896
8.612942,3.2352145
12.081221,3.8785133
8.248823,3.7603805
4.822758,3.6775591
5.7173944,3.6114233
5.0159307,4.102621
6.7911353,4.490897
6.560488,4.605107
-1.2531174,5.1691623
8.116312,2.9419677
5.1287107,2.9289062
9.845261,10.357962
6.1826954,3.7692392
14.489883,5.0247993
7.987554,5.9361396
9.717691,10.731479
6.1093283,3.2816033
5.423553,3.7649066
8.71167,8.766977
5.6306553,2.8167162
7.894295,3.2949896
5.3934884,3.1239634
5.8285756,3.9049888
8.429412,2.798892
8.982589,9.957787
-2.3678749,3.9475684
6.1915445,3.5137782
-1.0119871,6.441195
8.916438,9.329673
5.9881296,4.8066983
4.402552,4.247944
12.960109,4.0685277
4.383009,4.843274
5.8427057,3.4794204
9.204545,10.323965
13.607961,4.171608
6.475254,7.527332
5.5305424,2.7411566
7.4802003,2.6860154
6.3312583,3.4721441
11.639739,2.8756115
4.9118776,7.9944105
-0.93082213,6.3416657
4.367526,8.449491
8.394183,3.0502613
5.648197,3.972088
8.235679,3.1356661
13.233796,4.0297265
5.916249,3.1452067
13.286723,4.356629
6.0127115,3.7425222
9.108367,10.07584
7.798478,3.8481925
7.8707824,3.7151344
4.9927483,7.765986
4.8976183,8.0908575
9.021387,9.300599
8.508258,3.0704033
8.867515,5.17502
4.4074984,3.7230287
9.045248,9.313805
8.76518,3.3333123
5.8914523,3.7630448
10.960268,3.056223
8.762597,8.778563
8.840266,5.35459
14.250743,5.430332
5.2195935,3.1691723
-0.8838406,6.1917405
4.7722654,8.269898
11.57273,3.508035
5.7630563,3.855592
6.0785213,3.3173075
5.296792,2.847657
4.371966,3.636925
5.3542604,3.0837467
5.8697424,4.038835
5.8706136,3.8422232
8.69207,3.630047
-0.7825287,6.1202273
6.6681514,7.2154155
11.9045,2.902085
8.134689,4.1225896
5.574191,3.63382
5.8784437,2.804703
9.2137165,10.376461
14.206513,4.831651
5.785178,4.3947134
14.700792,5.056741
6.162822,3.5981145
8.335238,2.7861974
6.55206,3.6895094
7.084043,5.0752926
7.4760947,3.9783716
3.9579473,5.0150356
6.5303216,4.3569293
5.4849076,4.5227046
8.625943,3.5962954
-2.1922026,4.120358
8.009646,2.9686036
8.5021925,3.8022504
-0.5571315,6.00481
12.486349,4.08832
5.617935,4.2181234
7.853841,3.8827002
14.190986,4.329647
6.9606833,3.8214207
4.7076116,3.6684844
5.29828,3.5225272
5.915712,3.171901
9.028423,3.5437758
7.0277057,3.6443305
13.121582,4.693007
9.348962,10.152292
6.0015783,2.9195874
8.404369,3.8489618
-0.9156145,6.2031636
4.4255543,8.518596
6.6504807,7.177425
5.492182,3.745852
7.9369636,3.786569
4.641135,8.267939
9.687711,10.312596
4.889684,8.035863
8.908234,9.156829
6.8413777,4.17894
6.4534907,4.2988396
5.8505087,3.4335718
12.50905,3.1076596
4.831103,7.856218
5.7622013,3.2291021
4.8575773,7.9466186
6.801322,3.6504996
5.428369,5.112038
5.4429636,3.90847
4.413814,8.725796
8.939141,9.623528
7.338892,6.0133543
7.670502,4.9795623
10.936633,3.016481
12.916482,4.302676
13.309371,4.882892
12.866038,4.726109
5.4310856,3.1794333
5.5476465,3.8339965
6.2263694,3.8035994
12.060916,4.253742
4.33619,4.26032
4.8074713,4.3845344
5.585671,2.9237978
5.5304356,4.873671
4.5728784,8.059156
4.093334,8.354691
12.4848795,2.6967068
5.244528,3.7133715
6.0782237,2.8348384
13.406192,5.0042844
5.4176626,4.5552516
12.553854,3.117881
5.027805,4.1981153
6.0031137,3.641819
12.669945,2.7207458
5.657044,4.4641604
7.612152,2.6148064
4.620735,7.6724553
4.9961767,7.3182096
-1.1060537,6.430466
9.267409,10.114353
5.6008058,3.101221
12.767452,3.4801085
8.883183,3.934706
5.9106727,3.2709055
5.414124,5.729922
5.796019,4.174708
14.602425,5.212008
4.384084,8.423535
13.410569,4.2163277
9.0719795,9.834555
8.950662,9.2683935
14.472346,4.863015
7.601754,5.0246835
-0.8100134,6.1298785
6.435026,7.5832424
4.8999357,3.1175413
5.745941,3.5906982
6.465115,3.6977065
4.787535,7.9927673
6.6876907,7.178582
14.826758,5.0907927
9.055867,9.971972
6.0260167,3.5749648
8.799883,8.693273
8.818353,4.3925357
4.723924,8.007565
8.004798,6.4785233
4.7564855,4.049443
8.332363,2.8774116
5.6571465,3.0811625
6.026147,4.901551
14.867375,5.166054
9.255119,10.102628
7.7642045,3.180968
5.6034985,3.4665394
4.4377513,3.570113
5.6338606,4.242517
8.079434,3.3411388
5.1902266,3.5068688
4.596626,3.4041054
-2.1361842,4.1747665
8.010147,2.971748
13.698428,4.0288777
6.3584228,3.4678094
7.707463,2.745496
9.4236555,10.323907
5.793268,3.5943503
6.0238748,4.570466
6.1150184,4.954518
4.9143825,5.322275
13.274011,4.7777925
9.105007,9.807029
5.5982046,4.9249673
13.996691,3.200578
7.1722817,3.2863986
8.986592,8.7973175
8.539668,3.753794
4.124308,4.1283345
7.5915833,3.5853777
9.235986,10.203337
5.3136797,3.8413823
7.17212,3.1445222
13.517962,4.2015476
5.315727,4.1772556
4.537167,8.100516
4.4990406,8.46269
6.1677117,3.3247955
6.52745,7.5503464
14.247871,4.9900837
12.331644,4.1257625
5.270318,2.960007
5.4089713,4.3793435
5.1010327,7.5060363
8.982272,3.18603
7.6120358,3.9833732
6.4669466,3.2810926
7.4636154,4.08086
4.3428264,7.8789487
4.263578,3.9178147
5.6361456,3.1977518
6.524346,3.0943592
7.8365865,5.560998
4.9181833,2.9388366
8.95208,9.00209
7.9284487,4.6715765
8.988487,9.498105
4.6362934,3.2022378
7.7541943,5.7030973
9.1637745,9.707322
6.730554,4.0381966
7.379367,5.187923
5.9591904,4.0275126
4.342005,4.099598
12.060248,2.8881319
8.307027,3.6834245
6.5692134,7.4421954
5.6650343,3.2801
8.820954,3.289812
5.543826,4.7312303
6.1428084,3.755455
-0.91908747,6.338088
5.3331285,4.0439663
8.625119,2.9343574
8.214446,3.7299957
4.186047,8.319368
7.707358,5.387361
5.374913,3.0087776
12.39977,2.8445947
8.346779,3.2515836
13.33373,4.6343904
8.730635,3.0828254
5.859372,4.699229
6.6300273,7.3623405
4.673002,8.316506
7.9724917,3.2322044
5.9715333,4.533481
7.920301,4.064997
5.633265,3.987599
5.666857,2.8827786
7.7519426,5.3630056
10.946952,3.1683471
13.389916,4.9681964
4.833023,4.4582577
8.080697,3.8422961
13.952699,4.7902455
9.49083,10.53675
8.997475,9.5296755
7.9837885,5.186988
10.916594,3.0288153
5.9048886,4.335319
8.952414,9.109547
-1.2527065,5.159382
7.6692395,5.560783
5.624743,4.3613195
6.3090153,4.3939
14.122062,5.349816
9.009551,9.287552
13.660029,4.8930383
5.317572,3.5804195
5.4019723,4.4439588
5.6165504,4.723391
6.1129427,3.1926026
4.909332,5.095849
6.619589,7.779002
-1.9058279,4.401729
4.3209715,3.8509433
5.1531787,4.0613174
14.5056715,4.995156
8.89595,9.31763
5.5332136,4.4480147
13.262143,4.147518
8.198884,2.6920505
8.929128,9.551545
6.4736185,4.4276133
10.992841,3.0843782
10.790462,3.0672064
13.027834,4.013637
5.7164197,3.8975427
5.6212153,3.6435533
13.414406,4.980482
5.1961603,3.3585715
13.122594,3.995268
7.279146,3.6250799
7.475198,3.8695195
5.7585464,3.3699715
4.921753,3.7868357
3.9862077,4.5363727
4.9722004,4.6861925
6.2527733,4.5322704
7.358669,3.000592
8.236435,2.901274
6.497206,7.5416484
12.052299,2.9913998
8.433147,3.0235963
8.56336,3.4414415
6.6542883,2.8934705
6.28154,3.6522086
9.2673,9.972051
5.861861,3.1061056
4.309719,8.543197
-0.8324057,6.183367
5.7532754,2.9232373
13.044885,3.9618263
5.219301,3.9758523
-1.8895961,4.419887
8.755493,3.4408104
4.4332113,3.8899782
12.871688,4.164521
6.673549,4.202208
7.7514763,2.866634
8.100939,5.1353836
5.930018,4.5004435
8.2942095,3.9074075
5.5721707,3.549874
8.498569,5.4244704
14.256841,4.6750817
5.1571817,3.6943722
8.945394,3.6440997
14.177806,5.3663707
12.484703,2.7918622
5.520685,5.731501
8.353195,5.2441173
5.269987,2.8263562
-1.9117441,4.397176
5.036267,4.30479
8.1631975,3.5960512
5.3319144,3.500613
6.5577497,7.3949013
6.1477065,3.7109072
3.9522898,5.1972685
14.498563,5.0275655
13.635274,4.730198
4.362237,8.223636
12.483531,4.2002907
7.8195405,5.4442196
5.539791,4.5216923
8.210119,3.5718012
10.39608,3.0265846
6.5026073,3.1407332
5.1095276,3.7304564
8.074254,3.8658016
5.207237,4.4084573
6.481302,3.5088193
7.2706184,3.9351172
5.893293,4.659782
9.358281,10.470488
5.03219,7.856344
5.926158,3.8885658
7.113102,5.2801123
6.287653,3.0431323
4.228605,8.224062
5.9180937,4.3450174
4.7530875,8.034922
8.479977,3.5109446
5.397056,4.429586
8.439222,3.446274
12.345577,2.7617307
7.809575,5.3038054
7.189236,3.6263237
8.547864,3.239138
5.8975544,4.917475
9.135163,3.7710278
7.9710803,3.7718093
-1.3998077,4.9904046
6.634343,4.604168
5.6844563,5.670116
7.9564605,3.5717206
7.563528,5.5189962
6.2733545,3.428111
5.1354523,3.8346927
15.511698,5.097534
6.5228653,7.5232186
5.145402,2.823139
6.062087,3.287307
8.511618,3.5768154
7.130647,4.241993
12.657137,4.0107956
8.472879,3.0727198
4.8739,4.1816177
4.5129523,8.340262
7.1974854,3.5897937
10.880072,3.039799
8.840407,8.865976
4.5021996,7.9742994
5.576696,5.499567
5.8472404,4.7663274
5.3695292,4.005884
6.074701,7.4889464
4.598053,7.768359
7.2202573,4.3182554
12.481496,3.141113
5.447367,3.734737
9.359232,10.888957
6.5534625,7.26352
14.726523,5.0348034
6.618124,7.9313073
8.023503,4.8361554
6.616229,3.808823
6.2767663,3.5172555
8.450791,5.5545087
5.698387,4.9514475
6.660298,7.2274756
4.7492905,4.368363
12.659904,3.2641823
7.950593,4.006387
13.459027,5.0309324
8.950192,5.279262
5.3989286,5.032378
4.8056164,8.018271
6.1312165,3.3666248
5.323791,3.5716982
4.577512,4.4962306
7.083402,3.5886803
5.2263155,5.204326
7.607793,4.9783483
4.7402787,2.9846203
4.5337486,3.4171395
6.69885,4.232965
6.3564215,4.128586
6.7484374,3.9170887
10.416215,3.0135043
9.003572,5.2085853
5.1693707,2.776715
8.971229,9.401936
14.951658,5.0604343
7.5495014,3.4721105
8.947663,9.277576
8.765104,3.4748385
5.8290725,2.8783221
5.15854,4.9106264
6.7685556,7.0154953
7.7205796,3.5999172
5.3456535,4.174144
6.7938657,6.5876713
5.534107,5.4252276
8.4706335,3.5638392
10.804549,2.9898808
8.374996,3.0067415
6.2415195,4.1503463
9.173554,10.175651
8.670146,3.9533968
8.955425,5.4147425
7.337201,3.0944777
5.354411,2.942823
7.4682474,3.9665184
7.7429028,5.5275965
8.02759,5.045801
5.110132,3.8849537
5.1190877,2.7877433
6.647778,4.38609
7.6232686,5.5455527
4.5803022,4.8462324
9.468798,10.800461
7.7701125,5.058501
7.8156095,5.390732
8.708361,2.8076823
4.412202,4.1312246
14.855438,5.242627
13.700159,4.611443
6.650672,7.27884
7.161953,3.7336183
14.797907,5.0266075
6.0124507,3.664351
9.925236,3.0868013
6.051134,4.533752
4.6181006,4.3683753
4.55017,7.9957085
5.0011926,2.8146164
12.814874,3.7391055
7.8187265,2.9709752
5.3878007,5.7487283
5.921587,3.4167523
6.6243744,4.111055
7.425716,4.2090583
5.720763,4.111445
-1.8987749,4.4105287
7.7955675,5.5983543
7.436684,3.810574
4.766439,7.6383023
12.871088,4.287625
4.9118624,3.3545258
5.5665216,5.614336
5.3036313,2.7025254
5.951878,3.620214
5.5097737,3.5027874
5.718539,3.8207824
6.6506834,7.465998
8.900733,3.714102
13.949685,4.725648
5.3615017,3.050903
4.3554807,8.581396
5.909212,3.4704716
-1.0801721,6.3449984
7.830589,3.679073
5.26433,2.9736648
7.11717,5.0323505
7.591981,5.0997405
6.029105,3.4095426
5.532376,2.5968268
9.002881,3.4750366
9.155886,3.368267
5.6074586,4.6005797
8.359055,5.59175
10.154575,2.965062
7.615938,5.536908
10.5152445,2.9835036
8.97573,9.859443
13.829467,4.822261
5.7761927,3.4660778
8.083399,3.2433105
5.8810763,2.9216218
5.695871,3.5640378
4.0830736,4.919941
4.861187,7.857401
8.172327,2.7766857
8.335492,2.889258
4.946133,3.4981723
6.000366,3.8698819
6.345606,4.6685605
13.318114,4.3785806
13.304373,4.5836334
7.648037,5.4228873
7.746008,2.7903876
5.331474,3.006195
14.288771,5.040824
5.1234536,2.7435534
8.55781,3.5694842
9.042678,5.393483
4.2204914,8.589967
8.592504,2.7272615
8.367898,3.7955348
13.438394,4.3158226
7.363409,3.7702105
4.674337,4.269065
-0.88557744,6.246264
15.652587,5.063523
6.418742,7.551168
4.8230233,3.0524168
-0.90996164,6.3001566
10.829886,2.999097
7.8675256,3.8554254
4.8588285,8.103972
4.8951745,3.337019
6.3656015,4.4654746
5.0244474,2.8338606
10.594647,3.3140953
6.9164457,3.258761
5.9259443,3.9877787
14.229564,4.9785724
5.740661,5.4715586
9.19586,3.1855965
13.625567,3.6574664
5.891451,3.5666935
5.114167,4.1937838
5.424918,5.1352105
8.511073,3.8085427
7.131116,4.024181
-0.8532948,6.2156806
4.428301,8.153597
5.58011,3.4391203
8.040105,3.1183436
4.475306,8.268423
8.340401,5.713911
5.368722,5.700345
5.42149,2.832637
6.4909606,3.4363256
6.6355033,7.251776
-0.72673565,6.0800204
5.418513,3.2127166
12.311932,4.3156877
7.3973813,5.213611
8.910766,3.8058393
8.128451,5.322256
6.9716587,3.1055439
6.529722,4.6808844
13.938707,4.785511
7.966641,2.5562394
5.1090155,7.7548265
7.0180163,5.1473846
8.154317,2.9439778
-1.0384282,6.361364
8.952429,8.979435
4.5350013,3.7089505
6.1552343,4.285814
14.48457,5.3070664
4.485071,4.2577634
4.602768,7.459744
6.253049,4.159347
8.187075,5.4049716
8.266105,3.214128
8.937083,9.430458
12.481846,2.6511714
8.082786,3.9346817
5.232462,2.6339025
5.1935754,2.803038
8.592077,3.91075
5.6171603,4.2563815
4.1247725,4.5313263
5.033547,4.363971
4.748516,8.05408
5.476142,2.7357054
13.118733,4.807575
4.879873,8.303893
3.9635923,4.636502
5.2563415,3.7807562
9.376388,10.50982
5.547997,3.2108185
6.0046334,2.990152
4.906549,4.661975
7.4930696,3.9331665
5.249989,3.643512
5.7298326,2.7884731
5.162156,2.8159473
8.869665,8.997918
6.076844,3.6812956
12.867852,4.6826196
4.373226,8.475918
7.7547517,2.9092674
5.744423,3.203085
13.157729,4.132712
5.826463,3.3099241
5.328779,2.7668223
7.440888,3.346732
5.4038706,2.78253
8.411558,3.6247292
8.454834,3.2304823
7.0035124,4.1959786
8.835546,3.3565724
5.9600725,2.6986892
6.0916624,2.6903498
8.653212,2.7509549
7.6018033,4.053542
5.0478644,2.893495
-0.84839946,6.160136
5.0535045,4.5305233
8.886251,4.3209796
5.5601997,7.40784
5.5521874,2.9544425
13.696814,4.3700843
12.511449,3.0604303
8.118365,5.813901
12.219085,4.2549796
5.7989206,3.1016958
6.59168,4.529879
4.939236,4.3053174
6.4724207,7.523397
9.276057,10.595034
8.627888,3.5526547
12.513952,4.4285436
6.2908287,3.9249644
8.367165,2.84357
-0.88956755,6.1355305
8.501208,3.1553702
6.5945506,7.355013
6.4564996,3.1963303
5.057423,2.8522487
5.0540524,5.1433835
8.143989,3.750087
9.210761,10.1265545
7.630258,3.906452
13.530374,4.555872
5.8915772,3.75892
5.6132073,3.4336526
4.5400524,4.21614
5.559484,2.9891593
7.4289193,3.78229
5.7890205,4.516122
11.642084,3.574792
12.733842,3.3824239
5.997083,3.8551242
5.7745457,3.7249138
-0.8011184,6.1095304
5.276962,3.6360812
13.286471,2.6877446
9.073415,9.715799
4.9967566,3.412233
11.089011,3.18409
6.4086337,3.3424575
4.455455,8.591328
5.244276,3.0408065
10.970145,3.0247626
6.300336,3.92132
9.077397,3.7792788
9.166243,10.210283
7.9002895,4.224018
6.174113,3.3538523
12.35799,4.028948
8.644037,3.9390273
4.521534,8.692569
13.558518,4.875114
5.9652405,2.9704242
12.35481,2.7859936
6.608701,7.7383676
5.892292,3.1350384
5.205546,4.2625465
9.07165,9.825008
9.100537,10.13005
4.629025,8.438645
7.8272715,3.5064638
9.356434,3.751922
5.2948694,2.812887
4.874293,8.027802
13.396286,2.4313552
7.6387415,5.4609904
5.651908,4.1391516
5.392718,2.6830378
3.9607432,4.484574
4.779358,3.7032287
7.7320185,4.956852
5.6514783,3.8496609
8.585755,3.8928063
8.530101,2.9372876
6.4914384,3.5244055
-0.99545616,5.5091577
5.294465,4.529531
5.246514,4.717612
13.349317,2.5184045
5.767423,4.3974137
6.0270133,2.9528735
10.970869,3.0515106
4.748147,8.142659
9.099848,10.093947
8.59226,3.3266053
12.615572,3.358114
6.6028624,7.881359
-0.8874575,6.0892696
5.079749,3.6033316
6.411035,4.2925806
5.202449,3.008579
-0.77915853,6.0735283
4.5310054,8.4342
5.964198,3.2065442
6.208066,4.3047075
6.148815,3.3256564
5.3927774,3.5907233
4.8720174,7.674131
5.63091,2.880304
13.3356285,4.9385834
8.597612,3.4646144
10.923347,3.064325
6.644216,7.0555363
4.6303663,8.538055
7.317828,3.7151833
8.850239,8.764656
-0.86424696,6.232277
5.654072,4.7077613
5.267244,2.7808156
4.999435,4.2428575
4.0809755,4.638541
9.014993,3.603125
9.518639,10.947986
5.9678364,4.5315003
13.100468,4.8220434
5.0687084,3.4504385
13.168505,4.503487
7.649446,5.4847255
6.31369,3.808442
12.435066,2.772568
-2.1481757,4.1633916
6.933431,4.5841393
7.6451674,3.0077522
4.931807,7.792214
4.94808,3.3199818
5.911068,3.949835
5.4037867,4.481179
8.540443,3.7152288
7.5545616,5.306514
6.0929193,4.83522
5.297108,3.391617
10.71231,2.9983168
5.6204495,4.734435
5.605709,2.6769302
13.31192,3.9427557
5.2514334,3.3306634
7.610985,5.330132
12.661601,4.6806264
13.676403,5.074431
8.405125,3.2396228
8.103261,5.483647
5.337916,4.9709435
9.132198,2.8938866
5.204942,3.6630735
6.104352,3.3791635
13.22407,4.105025
5.8203874,4.8612638
8.139375,4.314451
5.399607,5.2516427
6.5531144,7.1898227
4.8076253,3.0750375
5.2854652,3.8676631
5.78112,3.6569095
-0.8254632,6.14783
7.5722404,3.6663272
6.154708,4.6782923
8.348974,5.3904724
-1.9162599,4.3922935
6.130492,3.719779
4.934929,7.892726
5.503087,5.1558666
5.579047,3.6833913
9.006083,9.920911
7.079346,3.1542017
6.6186066,7.790425
5.197264,2.9808154
13.27563,4.524889
8.081344,5.7214537
8.082001,3.826
15.477029,5.0649285
13.306405,4.8957744
13.075027,4.0617566
4.7717137,3.035328
5.571157,4.812145
8.748096,3.4383514
8.215012,5.496164
8.250075,3.9472735
6.6600213,7.296154
6.687766,3.912617
8.751119,3.46599
6.5811944,7.6553903
6.085243,4.027867
4.3117156,8.149661
13.996706,4.8254447
5.0170994,2.850908
6.2043066,4.129927
5.5758657,4.690951
8.084314,3.8288946
7.006259,3.3767126
4.437489,8.093813
5.5857778,5.577415
8.618639,3.3863394
5.2908177,4.771648
8.951404,3.1441
5.892876,3.8452077
6.709941,6.5613546
8.956767,9.650624
5.022746,7.748705
4.8024483,7.412707
5.4499264,5.5818954
13.759055,4.936942
-0.85597354,6.418165
4.2471666,3.8274724
8.108332,3.5945108
5.9053493,4.777181
8.699329,3.8098967
6.1978164,3.4136617
5.0414195,7.8773127
9.36063,10.260914
10.936793,3.0749516
6.3151135,3.1022825
7.179245,3.4737933
8.75385,5.605201
7.574899,2.9379685
6.0641665,4.8621683
5.4313245,3.6145282
13.60171,4.2451477
6.305238,4.2737308
5.0221353,2.8611915
5.0793023,2.6991565
6.327332,3.3153763
6.801777,3.409512
8.280517,3.1557205
6.5631247,7.2524614
6.6809254,4.0038157
5.8322177,3.7930195
8.324342,2.8348277
12.714906,3.244593
6.0327086,3.7163138
5.655482,2.8233554
6.604989,2.9756775
6.7818537,3.5767553
-0.9995243,6.3467865
5.5509143,3.722676
5.598322,3.3909628
8.601468,2.8068237
6.0410113,4.753945
6.9717064,3.7182143
7.491112,2.9484134
5.996412,4.673871
4.6167593,3.481564
15.41107,5.0634923
8.508777,2.6514232
5.386678,2.8580217
-0.9075414,6.3246055
7.9297395,3.196509
13.117824,3.9002438
7.213854,3.7247667
7.5376472,5.2566257
6.5107145,3.8339703
7.279086,3.2051957
8.367235,2.8335056
10.803453,2.922951
7.7433996,5.5840816
5.2123666,3.150104
4.9645524,7.928981
13.022688,4.7563963
8.939071,3.1544483
5.681097,3.8915207
6.5568132,3.457996
7.7013874,5.5408535
9.248132,10.451679
8.2597065,5.6596303
8.925727,2.8682775
-0.9564112,6.2270856
4.402913,8.682078
4.2900276,8.077151
7.5572987,5.359368
5.633218,4.215216
4.405002,4.1040344
8.512557,7.957444
8.3988695,2.8501203
14.248597,5.0807176
6.5442677,3.1559868
5.8462605,3.5511415
5.9457383,2.9373028
-0.8292594,6.1232605
9.304418,10.0642
5.7541842,3.0154593
9.239109,10.171861
6.159137,4.4994173
5.627444,4.2264643
5.6995177,3.728137
8.653011,3.3994122
-0.95044,6.29759
6.2051973,4.2473106
6.034417,3.1087642
7.734958,5.8072557
8.997123,9.472259
5.8104367,5.085785
10.820237,3.0424862
7.976715,5.040524
5.3119764,7.348369
9.434452,3.2843573
5.7237515,2.9753058
8.193084,2.816728
4.94326,3.2967312
11.479169,3.4470432
6.68835,4.4974737
4.55111,8.44167
13.133141,4.3584385
8.535702,3.3764148
7.821556,5.5958805
9.277266,10.541918
6.5469894,4.057103
7.8043633,4.863064
5.5894637,3.2320771
7.487694,3.2459366
8.998988,9.915737
5.7336054,4.9737263
6.2130857,4.3065004
7.374745,4.2049584
4.4005876,3.3751795
13.031263,3.9015908
7.974612,5.2337184
8.3672495,3.5484471
9.681294,3.1303568
5.1930423,2.7742014
4.860934,8.062679
5.798584,4.147568
6.1188383,4.3718877
4.659697,4.1697764
9.026806,9.739701
7.796607,3.7445416
4.8295894,3.2311885
8.507753,2.8623183
5.489975,4.299213
5.823509,3.2988772
13.100734,2.816106
5.0857944,7.5689073
8.098642,2.6254745
10.857522,3.003321
5.987775,3.17042
13.411556,4.92355
7.0601997,3.027692
10.944353,3.0319545
7.759707,5.132064
5.1742196,2.9333599
4.874053,8.109841
5.1271176,4.5108953
5.765539,3.249388
7.5554876,3.6348388
7.874391,3.8966084
11.79971,3.6219137
6.3937244,3.4816597
5.4494348,2.8160617
8.528048,3.6522257
4.264265,8.14082
-1.2390114,5.1831107
7.429962,3.07834
5.4674916,3.6888168
8.957899,3.4467473
4.583427,8.473262
5.464449,5.4227333
5.430272,3.7854197
4.3418484,8.469177
5.1100698,2.9193742
7.72203,3.6163363
5.529141,3.0877488
9.195669,3.5500603
8.413374,3.1093495
12.001787,4.212713
8.31448,3.3941212
5.5493307,2.9122837
7.503038,4.075481
12.4968195,2.7488475
6.0233865,3.2932498
7.4761977,2.8761299
7.510036,3.5887775
8.643434,3.4491107
5.329344,3.8765607
5.822932,4.3936677
9.000002,3.140408
13.202723,4.3041353
7.2807903,4.133568
5.902404,4.843523
4.833995,7.83183
8.400774,7.7245173
5.820405,3.6148107
8.515367,3.8684733
5.767598,2.9483173
7.888864,3.1971383
5.417258,4.9543114
5.4510064,5.6812587
-0.9160899,5.5420947
7.9070306,3.6112947
6.433723,6.930538
4.3781185,3.7588222
6.2337246,3.077851
9.028916,9.643575
7.8097606,3.9309206
-0.89856094,6.2297974
7.6663213,5.589168
5.2269273,4.1773286
5.623552,2.9901044
7.577147,3.0417674
9.37604,10.195814
5.8137274,2.6647727
8.879346,9.413242
4.8006654,8.339564
5.080388,2.8067632
5.585468,3.640095
13.063033,4.754883
5.228014,3.529677
6.0323434,3.901725
5.0814977,5.038787
4.218976,4.66122
9.482488,3.0474038
9.031267,3.7244182
8.848173,9.13152
8.565383,3.7106693
8.329362,3.490623
7.084377,4.041708
5.599455,2.7341454
9.010042,3.2316082
8.37951,4.0963306
5.7407236,5.29906
5.918871,3.3756416
7.7062755,4.9581556
5.506368,4.021858
6.082366,4.8319573
8.592777,3.5398233
11.827267,2.9028292
12.76451,3.5717547
13.256942,4.281632
6.172948,3.1649225
11.007077,3.1703825
14.877927,5.1658287
6.8317814,4.4798756
5.718514,2.7842069
-0.91171426,6.3665347
15.353734,5.212793
6.3368773,3.9875998
6.5420923,4.101822
8.653151,2.6925015
4.746268,3.0231032
15.307642,5.163797
13.1361065,4.377181
8.180313,3.5564451
9.00559,3.1591437
6.0463867,3.124012
8.8727865,9.111631
4.8639493,4.1344657
12.40245,4.5360265
7.7002587,2.9818735
8.181928,3.3978634
12.0669565,2.8180666
-0.77603215,6.192419
8.914119,9.627308
5.564401,4.7929797
6.614223,3.1949725
6.5954595,3.733119
8.844572,5.5678253
6.6889653,7.114956
11.768922,3.0601618
4.6177373,7.3469615
5.406274,3.7032602
6.526069,4.5936093
8.192436,5.6952267
4.015055,4.678959
5.560193,5.7332497
-0.8248041,6.183356
6.583035,4.3596363
6.551525,4.2177143
5.0374513,7.94253
13.544209,3.3480508
7.766209,3.3472412
8.829585,3.3966477
10.624513,2.979388
7.6748877,5.683655
5.6750956,4.058324
5.515988,3.9594266
4.276646,4.3711524
5.485654,3.0125682
6.7727947,4.1242824
6.1969914,2.999391
5.4592013,3.660546
5.9610863,3.4867287
8.21763,3.2828963
5.339907,3.0464518
8.384762,5.0012703
4.6735473,7.685422
6.810841,3.7699673
9.015025,9.5072565
7.324277,3.5513241
5.326594,4.205724
5.957136,4.538584
5.9559355,2.890462
8.9869585,3.8407106
5.0477524,2.6498396
7.5703197,4.9920135
8.33839,3.2494645
-1.9019783,4.4055853
5.862499,3.9900424
7.8804855,5.3137712
4.7357006,3.556881
8.972623,5.2514057
6.4337406,3.1652248
4.803685,4.7685237
13.345039,4.500576
9.215218,10.341458
4.8908353,2.8781166
7.223763,5.0363407
8.353847,2.6894524
6.2834654,3.6166973
4.128435,3.8556595
7.1341953,3.0592902
5.2650275,4.198021
8.132662,3.4872692
13.047473,3.046762
8.012564,4.2293653
7.0195603,3.3524952
4.456636,4.1019263
8.773086,3.3911743
12.556656,2.6881175
5.7782454,3.2083802
5.619366,2.6449184
5.4794917,2.802174
5.5383315,2.5154688
7.6329165,3.469069
6.5007896,3.74333
12.486729,2.6648622
4.7730165,8.535994
6.2091203,4.5061865
7.5633516,4.940313
6.3363376,3.7022486
7.1688385,5.0102615
6.595789,7.76297
15.222004,5.20894
8.159907,3.8350494
5.547633,3.3999891
7.1674557,4.877158
7.6114726,3.6910315
5.827473,4.1058936
12.47609,4.5658197
8.976209,9.818779
5.624999,3.7081254
5.4207172,2.6816325
7.889773,4.8179803
4.7240744,7.8297343
13.410693,4.0567603
5.267935,5.642493
4.8586173,7.9044065
-1.081766,5.417114
5.800504,3.703833
8.853802,3.254032
8.404564,3.451739
6.597954,3.5849366
4.4260416,8.516683
5.2661657,3.2749403
6.323984,3.7638419
13.806913,5.222145
15.331721,5.2154856
4.524718,8.706009
5.9834366,3.6769798
5.335061,2.8845499
6.0066476,2.6263459
8.3758545,2.934041
-0.80095166,6.077426
-0.81715316,6.2449565
10.491528,2.982528
4.235204,4.488481
7.624985,2.9176743
-1.8923837,4.4149823
10.646683,3.0373805
5.5528426,2.7742288
6.2545013,3.4118052
9.177262,9.999405
6.4510183,4.856032
10.891104,3.0005498
4.636484,7.64416
8.347955,3.497219
10.843583,2.9618573
-2.340732,3.9741843
6.290362,4.2760615
10.319801,2.9854238
5.1392946,7.87185
5.796648,3.530671
5.7925334,2.7676234
6.4339757,4.9386973
7.6564183,5.2421427
7.323481,3.951978
8.479249,2.8148446
6.188659,3.6624675
5.6629195,2.9575589
10.655182,2.9966896
-0.9631257,6.2603307
8.793412,3.6593304
8.701277,8.828187
6.0153995,3.9336467
4.9871993,3.9610188
8.192932,4.2796674
-0.49456626,5.948253
13.168451,3.8362823
10.806883,3.016883
6.032582,4.456921
4.8342004,4.8642783
13.228335,4.312227
5.9258604,2.938291
5.4898443,5.373761
9.2614355,10.495537
5.0836506,3.8574102
6.805204,4.7595477
8.987874,9.300097
5.019966,3.0829167
5.456847,7.620167
6.9133587,3.793252
6.0045967,3.671789
5.997154,3.3152277
8.458332,3.347535
5.901688,2.78768
5.441005,4.1900897
6.5864005,7.070973
9.350272,10.1361685
6.063622,3.7162242
8.317014,2.8944995
8.716052,2.9000933
6.225824,3.2156482
6.419855,4.084828
14.601803,5.1706514
7.021544,3.3915339
5.9922647,3.6891732
6.147229,4.555306
5.583663,4.74941
8.934157,3.0403986
5.235659,3.4164424
6.3803973,3.5218542
5.3500056,2.927989
4.905474,3.405149
6.118354,4.687901
7.0208936,4.178756
4.3137126,8.219418
6.00352,4.77587
5.100071,3.9332845
8.903923,9.458677
8.349689,3.5440807
13.155699,4.407719
13.223236,4.7243657
5.802153,3.0177937
6.633203,3.7127528
8.869158,8.935488
6.302715,4.5141764
4.853735,3.9276516
12.5777645,2.634569
-1.0194992,6.331603
8.926497,9.473935
5.1619196,2.8361042
5.8618994,3.8431997
6.0735025,3.120234
13.095255,4.3271117
4.842435,7.9420924
4.613143,8.437284
6.266028,4.439583
5.456548,5.370913
6.401806,3.9964464
10.599378,3.0194468
6.307553,2.8421185
5.6717057,5.6921163
9.064053,10.036707
7.748948,3.183955
6.1384087,3.6719618
6.5174623,3.9373825
13.397113,4.9618325
8.22577,2.8365328
10.376512,2.9558206
6.818359,4.2499156
12.245957,4.1674867
12.407617,4.3031063
8.303024,3.1538892
5.22932,3.4248848
8.89004,2.817183
6.423739,3.714083
4.4336915,8.064174
-0.28614494,6.178891
6.717042,3.6685233
5.7245917,4.5348783
-0.9105058,6.3003893
8.272951,3.4401202
8.824453,2.8256705
8.478235,3.3099108
8.957324,9.402537
11.608509,3.5358095
8.728067,3.7369359
8.571024,3.3755195
6.092499,3.7023327
5.21721,3.056037
7.163131,3.1999114
5.104854,3.7710342
13.361546,4.4646215
12.667947,3.475054
5.0846596,3.142924
6.6513104,2.9515023
7.199623,3.259214
5.0512185,3.058944
8.27833,3.5254564
5.965281,4.497519
5.0889816,4.8590674
4.6622,7.7796116
8.817556,3.8626275
5.946969,3.210421
13.441373,4.624079
7.6635,5.221833
5.933206,5.015933
9.055619,10.052776
10.88338,2.9725072
5.2598352,3.4297135
8.865529,3.6387637
5.2870774,3.4405944
4.463153,3.5306156
9.157907,9.776616
7.487092,4.2349873
-0.7701265,6.088468
9.04323,10.117788
8.5082245,3.553805
13.991762,4.8559628
-1.8704323,4.4390826
7.8418016,3.345333
4.985365,4.907435
6.8447204,4.1039233
8.5569515,3.8207533
6.8815975,3.3551233
7.7864695,4.378562
7.287349,4.0684643
5.408534,3.516128
7.0315228,3.828128
9.194446,9.813077
13.194069,2.9182618
8.469036,2.6727428
4.748848,7.902982
5.0213842,3.1177738
10.896197,3.060547
12.340488,4.1430354
-0.8399501,6.2110925
5.37457,3.7426736
5.810759,3.0411181
9.001675,3.1067328
8.135335,4.16768
7.4524336,4.1497107
9.163423,9.680342
5.359133,4.965774
8.484263,3.0993729
13.468649,4.186094
5.991779,2.6825378
8.226769,3.2673302
7.8565793,5.2571144
7.67524,5.5317893
12.116113,3.8559887
5.671114,3.2287936
-0.81580716,6.1158414
4.8229704,7.834664
5.867557,3.7825644
6.5935836,7.301607
4.3970485,8.50013
5.369255,2.893702
5.914197,4.7141476
4.9905577,7.945663
6.0002546,3.2444808
-0.87120354,6.1239843
8.619236,3.6920094
6.1012015,3.0369682
5.122218,3.0595274
4.892132,2.988814
6.2401805,3.5681927
6.13086,3.6028805
6.022433,2.787248
7.676199,3.7701302
6.3166122,3.333612
4.9979024,3.013175
6.6097937,7.766682
8.575159,3.788775
7.986016,3.0360913
8.113009,3.3279338
9.255654,3.3057694
7.6977706,3.3685248
6.2216964,3.5461047
7.428181,5.4148207
7.9419093,4.911876
-0.78019816,6.1060615
13.109004,4.569413
4.412066,7.9681816
8.883878,3.566489
6.9959,3.6372082
7.447067,4.943005
5.063261,4.2839255
8.503897,3.2693417
6.475319,3.8171659
9.427512,10.459063
6.1886044,3.6959615
4.8105044,8.344226
13.104224,4.3739605
13.1409,4.6983576
13.487577,4.6907773
5.8319736,2.9813223
4.937623,3.728697
5.7494993,3.583916
5.5319595,4.4565787
13.804951,5.2243676
8.873343,9.07711
5.303488,4.0723996
11.905418,3.7005022
4.987184,3.5939472
6.2638016,2.8755329
4.0125527,4.578737
6.324337,4.064263
5.617481,2.9848475
8.939772,3.2712743
8.087634,3.0075624
5.606122,4.288593
7.8451657,4.6015263
6.0891485,3.2923663
7.745169,5.1076236
5.373921,5.6948385
5.926806,3.689706
9.123106,3.3280823
8.507771,3.084694
5.879773,3.6926005
7.9894924,5.350493
4.2676263,8.032436
9.25146,3.632019
8.946475,5.2257595
6.049708,3.926339
7.7784934,4.122058
5.7245674,4.769971
4.9861097,4.7130213
6.6824493,3.6979024
6.154326,2.8190634
4.8852715,7.971872
5.0305686,4.2229533
6.7731476,3.672391
5.0778146,4.1049533
5.859437,4.228264
6.4459934,3.7755978
4.6008635,3.212679
5.885275,4.873963
12.271757,4.167423
6.9382305,3.7244298
8.295219,3.5957456
4.861979,8.057636
13.082105,4.6287427
8.798509,2.9073584
8.232998,4.1372166
7.9405,2.774129
13.815605,4.9092298
7.9982867,3.51934
5.780825,4.7241964
6.238347,3.3752143
8.345295,3.2628477
7.3890357,4.978869
8.632354,3.1691093
6.7142205,4.1543617
7.5286207,5.1092043
7.84649,3.247793
7.8093963,3.2909007
7.9254146,3.2332156
13.275868,2.944557
-0.7871922,6.103134
4.7915063,8.098997
7.734392,3.0771244
4.999765,3.5567076
5.9276323,4.309213
5.1024065,7.898021
10.918928,3.1509507
5.4896984,3.6526525
5.046719,2.7664185
4.27939,3.7045522
7.5473614,3.5931911
8.8883095,9.323627
7.8128395,3.0746746
5.732226,3.9177766
4.7170925,8.091002
6.407434,4.052692
5.966387,3.2480211
5.412765,3.8484383
8.157655,3.0018446
5.6437564,3.0938423
15.425327,5.132955
5.9853325,3.5212162
5.54501,3.9558516
5.561551,2.9022727
8.54395,8.083
6.2059946,2.9326344
5.1877484,2.7145917
9.275949,10.515795
6.0035563,3.134933
10.815835,2.9797637
8.8417425,5.237987
14.988697,5.074974
9.06327,9.483588
5.7543254,3.6218326
5.6664524,5.2664456
6.081353,2.9068255
8.873269,3.4887662
9.074487,10.056019
7.7698474,3.7194638
-1.901334,4.4079022
6.212937,4.93224
7.4362617,3.9919639
5.591796,3.0307815
5.990656,2.9435997
6.936338,2.36198
8.805901,3.786762
7.543029,5.359103
5.1063833,3.5528796
6.178267,3.7974577
8.960376,9.4042225
5.828039,4.7868195
8.440865,5.2147956
10.838266,2.9935882
-0.9875042,6.314434
9.03868,9.251804
13.814123,4.946624
6.2130547,4.49607
8.336998,2.948254
8.219688,3.7946117
5.2161903,4.9925523
8.013174,3.0756001
5.408367,2.5975547
4.966944,4.121328
8.37006,3.6233547
7.599423,3.174454
12.707851,4.656721
7.247319,4.8781967
8.548698,2.8348222
13.176375,2.8080444
6.677224,3.3250563
11.895522,3.810829
7.414716,3.0044181
5.275689,2.948497
8.960149,3.3744366
5.912371,2.826068
6.587547,7.501792
13.433561,4.513821
5.983131,5.0288544
5.4911933,5.6681967
12.05351,3.204361
6.5335975,4.4483232
5.8175144,3.576593
5.687243,4.111793
8.458469,3.366639
8.10318,3.44055
9.074204,9.94421
5.651097,4.916013
4.6293063,4.3398886
6.735697,6.9798355
6.743073,4.2414613
7.036137,3.1471474
6.25111,3.4275289
-0.91593975,5.9595513
4.732845,4.2239747
5.8740325,3.0444403
8.871301,3.471774
4.9763327,7.6491375
4.980602,2.774859
8.925965,9.334581
9.201388,9.959584
8.125329,3.6614802
8.604046,3.4213564
7.21643,3.3366566
13.851043,4.996247
4.719684,3.0884233
5.6460805,2.7732148
6.1887794,3.2177389
8.100972,3.1975503
7.3690434,3.7317643
4.8473034,8.047612
5.258793,3.5897946
6.2988997,4.1193914
5.0607777,2.7055967
11.58937,3.7218373
7.1692505,4.634625
8.343653,2.614063
8.765325,3.6222224
6.1313887,3.2458556
8.806668,9.101869
6.5540915,2.9868748
8.7208185,8.825301
6.7536235,4.2034225
4.356872,8.020559
8.639705,2.9697278
11.601411,2.8964071
7.8401117,4.1568766
11.970043,3.7263536
-0.7932574,6.106199
6.641765,4.522441
7.310647,3.7965698
7.4962153,5.369062
8.231004,2.8071873
8.10862,3.2496815
7.352568,5.308091
7.9103703,3.5633116
6.1637654,3.6517818
5.2154617,2.8981535
11.275358,2.8846018
4.182106,3.8755417
4.929012,2.9672334
7.3940444,3.4940948
9.251802,9.955487
4.6858187,8.269762
5.0216017,3.6249704
6.277225,3.2580647
7.9234924,2.8945847
6.9921775,4.101792
10.293431,3.5229156
11.640538,2.8741
4.402837,8.032024
6.489672,3.6515312
7.5698233,5.2968893
7.911938,3.2503002
5.086079,7.8593497
8.522428,2.7571528
5.385027,4.215
6.5094256,4.3557873
13.384451,4.407276
7.8043637,4.1892676
13.043816,3.9228597
6.557873,7.6090384
5.2817125,4.44209
6.537555,7.7491317
7.8903427,3.1826985
-2.2071,4.105574
5.028381,7.8628974
6.631574,4.3175116
6.0043354,3.965978
4.5474067,4.415446
8.601297,2.848301
7.4149814,3.841764
4.0199285,4.52953
6.6297526,7.8860145
5.551179,2.8403268
4.3703027,8.63506
5.9431167,4.5870605
6.6351857,3.7958393
12.933275,4.711807
10.587818,2.957103
6.627664,7.9128294
5.8707566,2.9992468
7.7806387,3.2194903
7.593153,3.1299002
5.639498,3.781276
4.925241,7.485495
8.483613,2.6750822
12.254932,4.4399147
9.00532,9.6946125
4.2752995,8.4771595
5.701958,3.6022785
5.8227944,3.892362
8.640424,2.7454343
4.679088,4.3422947
4.239319,4.602906
5.5297303,3.6353326
8.122585,5.288704
13.43553,4.8245196
5.052036,3.9810112
6.6424766,6.7513337
5.058998,7.7803707
11.278827,3.7138553
6.648553,7.3390284
4.900144,3.225264
6.265209,4.8004904
6.0516825,4.1515813
7.7722645,3.4000094
5.413456,2.7614908
5.7916517,3.1018367
8.695592,2.7915635
7.7989945,2.6076097
8.552756,2.8263597
5.4578996,3.2779937
8.924679,9.605902
6.81007,3.3979928
6.625769,7.526304
10.951539,3.0790455
6.164734,4.3570876
6.9621606,3.9146945
5.354159,2.8241038
6.5862756,4.245153
4.302496,4.669525
10.837826,2.9938834
6.1769643,4.2125816
13.000901,4.7576103
5.954344,2.8173847
10.887075,3.0486205
5.941743,3.829925
7.090263,3.6486456
6.1405754,5.058619
6.885666,3.7937024
4.8664775,3.0410168
8.063533,3.0661383
6.080514,2.9290283
8.341242,3.2884536
7.2206793,4.268565
8.344521,3.8784416
7.893347,3.451873
4.4073234,7.8836536
8.718928,3.3893156
6.224391,4.5394964
7.2764206,3.4683084
5.3664966,4.1441603
6.114241,4.2475486
7.8119907,4.8068867
6.199661,4.972223
8.739939,3.0916486
8.411895,4.0510006
6.687465,3.2447875
-0.90668595,6.1627135
5.584066,5.013633
6.593343,7.419779
6.5669823,4.5289636
5.574154,4.0743103
6.178783,4.9293447
6.6383753,4.071567
7.244373,4.7048197
14.304912,5.0326385
4.377905,8.468941
7.60162,4.686543
5.098042,3.110735
6.275314,3.438113
5.961429,2.9187288
6.748476,4.601195
8.83263,3.216135
7.908553,3.7633345
8.592398,3.267751
6.6652536,3.0866225
8.104771,3.6522074
5.723954,4.669294
7.0484324,4.3992686
4.462976,8.32621
4.9673448,7.888535
8.297998,3.8869712
7.6064506,4.0965166
13.028565,4.787394
7.5996356,3.0091205
5.933238,2.848879
4.367531,3.7604797
9.159158,3.8453646
8.252437,3.2916543
8.854063,3.0208313
8.767863,3.2392037
8.357267,3.5471551
6.613848,7.613791
5.882494,2.7783282
8.228568,3.3485882
6.80549,4.3470435
8.339275,2.9581752
7.7649217,3.2305572
6.624174,7.4271426
7.956304,2.723605
4.446741,8.378439
9.048756,9.51481
4.324946,8.042717
6.970242,4.4879045
4.8300548,8.257347
7.160075,3.4253795
4.2227516,4.063804
7.7690277,5.46226
5.750378,3.6190083
8.5922,2.9443467
7.8886337,3.1323273
6.591436,4.2676935
8.916801,9.011361
8.894415,9.418309
8.452616,3.6323364
10.59828,3.0421326
4.734334,8.478297
8.37644,3.1915743
5.364091,3.2818074
5.0078306,4.0319104
4.7449784,8.441522
4.806167,7.7535625
8.005603,2.7896957
7.4491076,3.1945155
13.044359,4.6844797
5.8407187,2.8816376
8.274707,2.9590743
6.4105573,3.7476838
6.1367583,4.1093507
8.55919,2.9942293
6.717289,7.228091
5.809769,4.11417
8.013221,3.0890064
13.176303,4.7046876
6.794193,3.8419871
4.9052033,7.658294
8.699454,3.4538581
6.310556,3.5065577
5.94207,3.5451617
4.7929616,8.115625
10.55655,2.9935048
8.997312,3.4973292
8.994202,9.383403
6.6096783,4.6250367
8.921743,3.41226
5.91298,4.2448363
8.617399,2.7326975
6.403528,2.768084
6.515011,7.3988338
9.6344,10.163804
5.05058,2.734324
8.841698,3.159174
8.549609,2.7336504
5.31112,2.8452628
6.281651,4.6652684
6.1962504,4.1535826
5.336327,3.7858062
7.595364,3.4209619
8.716318,2.9167545
5.908047,2.7382452
5.6444287,3.2078865
7.035246,3.4436288
7.5883455,3.4328406
9.3295555,3.843276
5.8438478,5.4946847
7.744582,2.8334742
5.338239,3.2855995
13.153019,4.803324
5.9320116,3.687319
7.7232513,3.5845492
6.6836147,7.168397
5.1962967,2.776782
6.064195,3.0565836
7.2798195,3.1193595
5.5069985,5.4784346
8.169701,2.9024818
6.085286,4.75908
7.4035883,3.2627537
5.2211413,2.7137551
6.721103,4.502503
8.454662,3.166832
5.09414,2.692795
11.144266,3.2552073
-0.70515674,5.931453
8.094923,3.3879626
4.896467,3.1488678
12.272012,3.831015
7.1685023,4.3478794
8.256621,2.6820967
6.611299,2.931309
6.0638256,3.6769266
6.6319838,3.351133
5.16162,4.6319447
6.668053,4.24338
8.963091,3.5591393
8.194286,2.9057038
8.969542,9.55306
8.948179,9.381249
5.8546376,3.3265896
7.128501,3.1769757
12.130816,2.8304672
7.408207,4.801507
6.742862,3.6898606
5.9640493,4.8793454
7.041988,3.493964
5.559751,2.4876583
5.4096866,2.605816
6.6894035,7.623334
7.9602947,3.5527623
7.6473536,3.804063
8.605109,3.3614275
8.365771,2.6639705
8.91703,9.383597
8.052063,4.9502573
8.826382,9.001065
8.378421,3.0103781
7.3078647,3.4926684
7.4104257,2.891356
8.62729,2.8514185
6.323944,3.3575459
7.62538,3.7978876
8.287671,3.8176615
8.374578,3.1473267
15.380882,5.133372
8.440907,3.1679983
5.955305,3.0780957
8.070053,3.200454
6.842247,3.7618058
7.941691,3.1135564
6.4502196,2.9774148
5.564187,2.6140482
8.374348,3.0926049
5.1512566,4.2529516
8.182641,3.2935703
7.778171,2.833871
4.808725,2.994389
7.1268196,4.7388997
6.2772636,4.1137815
8.858785,4.0020323
9.20801,9.930626
6.523759,4.692304
4.4034243,8.139806
5.532939,2.981686
5.9524827,4.632294
6.6147923,7.8585463
8.788175,3.085411
7.827507,4.911548
6.4762177,7.5523863
6.9944263,4.261327
7.978523,5.3799434
8.543643,3.1338181
6.588491,7.402104
7.947623,2.6287537
4.941544,2.840938
8.620163,3.8565094
6.55502,7.362356
8.8125725,3.2188053
5.823884,3.6628253
13.201317,4.887382
8.828315,8.913931
8.600205,2.8868117
8.519466,3.2969377
7.4577,3.469636
8.701309,3.3935874
8.577006,3.3990955
8.437899,2.9740455
6.319758,3.0705864
8.750761,8.800807
7.6647887,3.3399777
8.2975,3.5635574
9.021212,9.506126
8.4586115,3.3532546
7.9404173,3.0526006
8.687358,2.866716
8.127447,3.8001935
8.390966,3.0133169
8.793887,8.867472
7.6639366,3.5420945
6.6890073,4.3262067
6.43061,3.596193
6.2392387,3.9765325
7.7587504,3.155218
4.718071,8.501536
11.9219885,4.317692
8.388422,3.7481315
7.5158587,5.3996515
6.652108,7.794865
8.325664,3.4899936
8.619647,3.2070339
9.016772,9.792154
8.841353,2.8426602
5.5512447,4.972102
6.1509557,4.174511
6.4985247,3.4214828
6.148328,4.2332044
8.2630415,3.332398
4.730526,8.428992
12.344182,3.6876194
6.047191,3.8022757
7.925702,3.1406035
7.9748755,3.481819
8.18531,3.7259965
6.61955,7.253497
8.299376,3.6254385
7.7357283,3.0911746
7.406861,3.1967013
6.4214754,3.8640265
8.707198,3.025921
7.725353,3.4386683
5.3395557,2.8589487
8.776256,3.0637736
7.5551424,4.110884
5.5321765,2.916067
5.4495606,4.2010264
5.880011,3.682068
8.85655,3.026167
4.9593477,3.9423966
8.332368,3.1761184
12.407513,4.3589845
8.723061,3.104542
7.8056297,2.5203981
7.9981456,3.2064676
11.883085,3.79703
5.6130257,3.2008028
6.079545,2.977983
8.443588,2.7517354
10.782227,2.9773102
6.457381,4.182913
9.025917,9.517567
12.329538,4.3137245
8.978126,9.160527
5.263125,4.459598
6.028826,4.731585
6.8996863,3.3054879
4.7512026,8.187055
7.8950734,3.3513446
7.816306,3.1658788
8.686673,3.5621524
5.6186666,4.1934166
8.345817,3.0349488
8.562497,3.6919768
5.2988224,2.7176423
8.147519,2.5934947
11.732269,4.264188
7.8752155,5.1609187
8.110366,3.3521872
8.133047,3.5260873
6.1395936,3.2167616
5.4732676,4.1911135
12.634602,4.6001916
5.150969,2.8628294
10.100156,3.0451264
12.510063,4.5471516
7.435585,3.0535195
8.780048,2.9946299
6.2280817,3.9565656
4.5668125,7.415613
6.6503325,3.3021152
7.9578786,3.1445768
8.19344,3.2095692
8.879557,3.4351315
8.902887,3.0446231
7.956196,3.3855956
14.389618,5.019049
4.2374988,4.4390144
8.823828,3.0422482
8.026456,3.16915
5.4293714,3.5339742
7.8297434,5.384909
8.089965,3.4514496
8.184912,2.9772172
7.9963303,3.58679
4.8180423,7.703789
6.3569627,4.861939
7.184565,3.9993534
8.574705,2.9609332
12.995465,4.5485754
8.215447,3.444606
9.132308,3.769756
7.545399,2.698529
7.2549443,4.136795
4.1840305,4.761838
5.131548,3.4307547
8.541935,3.201749
5.7686515,5.1310964
8.120473,3.5061092
8.190389,2.630489
8.184305,2.8627362
6.203901,3.8707657
8.563285,3.298751
7.973704,2.9411097
8.5849,3.4110441
5.536518,4.5195403
13.176598,4.8379536
8.800525,8.828094
8.159051,3.2435956
8.302333,4.0380983
6.152283,4.063879
5.040472,7.2693667
8.266279,3.0318491
6.20845,3.523902
8.847067,3.18825
8.243323,2.8128564
3.985612,5.0556808
7.9267187,3.0796666
6.7588882,3.7687817
4.9600697,3.6534472
8.063472,3.0998375
8.326159,2.9657905
7.622218,5.23933
8.201049,2.7865052
8.146324,2.9172986
8.341417,3.6561005
8.456761,2.608104
9.097958,3.1270847
8.39754,3.409964
5.9122458,4.269653
8.578088,3.6546474
7.7461348,3.9398465
7.913699,2.531317
8.635021,3.1227152
8.215525,3.2079318
6.601595,2.9938474
12.673494,4.1117625
8.67464,3.3537555
8.949976,3.527072
9.565593,3.076372
8.280856,3.1361327
8.499186,3.222619
8.790721,3.3617263
6.7060432,7.130145
7.154971,3.7154198
8.057676,2.9118137
6.8472457,3.3844228
8.548853,3.7749982
8.059664,3.6397686
6.5812287,7.331807
8.134542,3.3431978
8.623676,2.7554028
8.558612,3.4638028
8.1053505,3.041092
8.692828,3.785587
8.59943,3.261453
7.8868423,3.004884
8.453434,2.587735
9.025063,9.927382
7.699688,4.2545977
8.761282,3.042883
8.261858,3.3580606
8.522984,3.2147732
7.657367,3.2445686
8.394813,2.5931177
8.470011,2.994084
8.253849,3.165165
8.866638,3.8493633
8.729965,2.9402096
5.0999856,7.7149606
8.165656,3.3399713
8.07474,3.5476959
5.471333,7.5783854
7.7402873,2.5474758
8.443168,2.6195304
8.554575,3.0785987
5.4625173,2.7112017
8.309938,3.4558253
7.2001247,3.4677882
8.427873,2.6256156
7.990691,3.54102
8.70691,3.9207153
8.846681,2.8788617
8.343971,2.7390966
6.5257435,4.389787
7.7948747,3.066718
8.39373,2.890824
8.306427,3.7701867
8.234843,2.8012106
8.918327,3.1797104
8.62641,3.9460752
7.9329543,3.4325078
8.832822,3.0094476
7.9231353,3.5525975
8.574301,3.2150872
8.829233,3.3183281
8.95859,2.9640837
8.849782,3.6141005
8.561229,2.8633237
8.329911,3.2140818
8.152594,2.7945585
7.6103115,2.8821707
8.658039,3.7143784
9.039454,3.1045008
8.065151,2.690647
8.121006,3.2874308
6.2211514,4.962458
8.4250555,3.0418801
7.592384,3.122487
8.539848,2.942986
8.338797,3.3395875
8.72497,3.5644608
8.199624,2.718854
7.7290463,3.0308883
7.7600093,3.9928539
8.01654,3.5905905
5.8476143,4.4751363
9.004394,3.4817739
8.342857,2.7327383
8.081688,3.0074005
8.245772,3.751416
8.1925955,2.6810358
7.8241496,3.2868147
8.422258,2.9453857
8.698171,2.7224958
8.040602,3.022921
8.052542,2.8949223
8.007017,2.8498676
8.458886,2.856963
8.207626,2.658499
8.569329,3.3170877
7.7969346,2.8941865
7.8450637,3.4134068
8.023383,3.6662245
8.286355,3.2673645
8.017508,3.395282
8.542174,3.1276162
8.876647,2.7996078
7.7945905,3.6609964
8.961126,3.691517
8.86275,2.8622077
8.474123,3.5146494
8.256169,3.6401498
7.680355,3.4439566
8.414745,2.804201
10.071284,3.0812445
8.283693,3.430289
8.887131,2.7514148
6.970108,2.797533
7.853732,3.2103026
8.834574,3.0758746
8.34944,2.6245713
8.2502575,2.6025436
8.631191,2.71528
8.837057,2.967123
8.309694,2.6642277
8.409788,3.2952905
7.7713523,3.5479362
8.876074,2.7982097
8.622459,2.9488022
7.949557,3.5305648
8.818327,3.0744855
9.0989065,3.263456
8.819042,3.1147733
8.052699,3.553571
7.9310813,2.6886644
8.076878,3.1905594
7.7609262,3.0551178
8.618212,3.2222378
8.7010975,3.0309799
7.6975594,3.1526685
9.127287,3.4474516
8.908445,3.0488148
8.24427,3.0992799
8.538772,2.8068688
8.596202,3.7093194
7.861543,3.9771378
8.27289,2.594301
7.756846,3.318479
8.889904,3.3794653
8.481447,2.748738
8.1684,3.0416045
7.821912,3.1405582
8.768858,2.7764297
7.335023,3.747208
7.5766406,3.6826005
8.449049,3.835536
8.864129,2.8679636
8.314221,3.1133826
8.668836,2.8078792
8.144509,3.5974221
8.494247,2.9881191
8.11885,3.7589536
8.160776,2.9550984
8.310943,3.749464
8.003008,3.3716364
7.859765,3.2547977
8.611708,3.5481076
8.967418,3.325586
9.176296,3.4321253
8.389252,2.5977347
8.342959,2.636617
8.283752,3.6139886
8.718053,2.6378357
8.541433,3.0636935
7.473062,3.6423938
8.436552,3.7466362
8.76773,2.68474
8.553499,3.446438
8.94577,2.877474
7.5746255,3.742273
8.219509,3.5955555
7.9757752,3.1023371
8.002068,3.528923
8.31543,4.038216
8.759752,3.5952024
8.177665,3.8797822
8.711289,3.0474565
11.87716,3.9986193
8.139527,3.0950391
8.305847,3.6397138
8.068498,2.6728525
7.8430967,3.1152802
8.891531,3.2459223
8.804815,3.6600258
7.330062,3.5552773
8.013384,2.6148126
8.503107,3.3235745
7.4434953,3.4185963
7.797875,3.4241762
8.548416,3.152072
8.087013,2.7512898
7.4398212,3.280351
7.67043,3.0796115
8.791152,3.8557358
8.05083,2.8229897
8.122549,3.1425974
7.9443703,2.6431735
8.405575,3.8126411
8.198787,3.4905493
8.185538,3.633402
8.792956,2.816475
8.358234,3.697187
8.205979,3.1973522
7.981557,4.04343
7.8296146,3.3053467
8.486373,3.3705442
7.9411097,3.2081783
7.922726,3.4451568
7.9752054,2.994115
7.5965405,3.9754426
8.069823,2.5443022
8.776526,3.6009045
8.2106495,2.615487
7.606938,2.8607488
7.9892507,3.0503545
8.576391,2.691724
8.428967,3.0860054
7.6902103,3.1701543
8.510013,3.6384227
8.260495,2.901343
8.455674,3.8910635
8.316788,3.4549944
7.8796725,2.6895325
7.6480484,3.3092167
9.132105,3.0661519
7.9080586,3.069829
8.570467,2.6490343
8.374184,2.5213766
8.187788,3.9020076
8.006914,3.869912
8.192141,2.5845132
8.696265,3.1766362
9.206697,3.2308037
8.353211,3.943987
8.065179,4.0750136
8.353035,3.3160632
8.374991,2.7676249
8.244402,2.5148427
8.630786,2.8318732
9.030226,3.8629735
7.721401,3.449147
8.761426,2.7817025
7.9448624,2.8750808
8.704606,2.7233496
8.833111,3.6066146
8.560366,3.25431
8.305391,3.6099994
8.0945215,3.2339377
8.475984,2.737436
8.010293,2.970118
8.283121,3.8368554
8.377163,2.9836898
8.197114,2.7695887
8.200649,3.0790844
8.946891,3.3832135
7.9542155,3.2601998
7.6358194,3.598778
7.877201,2.7867713
8.821187,3.7778506
